==============================================================
FULL RUN + METRICS  |  ven. 19 juin 2026 16:25:07 CEST  |  host nodeGcor3
==============================================================

### pre-flight: GPU + cache shapes
OK: GPU present, cache shapes correct

### pre-flight: config
  concept_loss_weight : 0.1
  sparsity_weight     : 0.1
  continuity_weight   : 0.05
  seeds               : [1, 2, 3]
  epochs              : 100
OK: config sane

### clean stale results (cache + concept JSONs preserved)
  preserved cache: 8,7G
  preserved concept JSONs: OK

### guard
[guard] Checking training files for forbidden part-annotation references...
[guard] PASS — no part-annotation references found in training code.

### TRAIN GlobalCBM (step6)
[step6] device=cuda  epochs=100  seeds=[1, 2, 3]
[step6] num_concepts=108  num_classes=200
[step6][seed 1] epoch 1/100  loss=5.2208  cls=5.1544  concept=0.6636  train_acc=0.0326  val_loss=4.9481  val_cls=4.8709  val_concept=0.7719  val_acc=0.0745
[step6][seed 1] epoch 2/100  loss=4.5533  cls=4.4543  concept=0.9894  train_acc=0.1205  val_loss=4.2074  val_cls=4.0920  val_concept=1.1539  val_acc=0.1268
[step6][seed 1] epoch 3/100  loss=3.7831  cls=3.6519  concept=1.3122  train_acc=0.2565  val_loss=3.5274  val_cls=3.3863  val_concept=1.4104  val_acc=0.2481
[step6][seed 1] epoch 4/100  loss=3.1434  cls=2.9910  concept=1.5239  train_acc=0.3927  val_loss=3.0249  val_cls=2.8697  val_concept=1.5516  val_acc=0.3370
[step6][seed 1] epoch 5/100  loss=2.6595  cls=2.4940  concept=1.6545  train_acc=0.5019  val_loss=2.6270  val_cls=2.4607  val_concept=1.6632  val_acc=0.4416
[step6][seed 1] epoch 6/100  loss=2.2912  cls=2.1178  concept=1.7346  train_acc=0.5974  val_loss=2.3521  val_cls=2.1796  val_concept=1.7256  val_acc=0.4861
[step6][seed 1] epoch 7/100  loss=1.9944  cls=1.8161  concept=1.7829  train_acc=0.6791  val_loss=2.1481  val_cls=1.9737  val_concept=1.7439  val_acc=0.5495
[step6][seed 1] epoch 8/100  loss=1.7585  cls=1.5773  concept=1.8123  train_acc=0.7352  val_loss=1.9472  val_cls=1.7696  val_concept=1.7765  val_acc=0.5940
[step6][seed 1] epoch 9/100  loss=1.5586  cls=1.3766  concept=1.8204  train_acc=0.7794  val_loss=1.8153  val_cls=1.6394  val_concept=1.7597  val_acc=0.5984
[step6][seed 1] epoch 10/100  loss=1.3886  cls=1.2060  concept=1.8256  train_acc=0.8114  val_loss=1.7019  val_cls=1.5235  val_concept=1.7841  val_acc=0.6407
[step6][seed 1] epoch 11/100  loss=1.2390  cls=1.0564  concept=1.8261  train_acc=0.8487  val_loss=1.6059  val_cls=1.4291  val_concept=1.7673  val_acc=0.6607
[step6][seed 1] epoch 12/100  loss=1.1137  cls=0.9323  concept=1.8145  train_acc=0.8709  val_loss=1.5242  val_cls=1.3481  val_concept=1.7618  val_acc=0.6774
[step6][seed 1] epoch 13/100  loss=1.0057  cls=0.8249  concept=1.8084  train_acc=0.8942  val_loss=1.4638  val_cls=1.2860  val_concept=1.7779  val_acc=0.6852
[step6][seed 1] epoch 14/100  loss=0.9106  cls=0.7316  concept=1.7899  train_acc=0.9182  val_loss=1.4040  val_cls=1.2317  val_concept=1.7226  val_acc=0.6763
[step6][seed 1] epoch 15/100  loss=0.8179  cls=0.6402  concept=1.7775  train_acc=0.9335  val_loss=1.3882  val_cls=1.2180  val_concept=1.7021  val_acc=0.6785
[step6][seed 1] epoch 16/100  loss=0.7474  cls=0.5719  concept=1.7543  train_acc=0.9454  val_loss=1.3125  val_cls=1.1441  val_concept=1.6841  val_acc=0.6841
[step6][seed 1] epoch 17/100  loss=0.6775  cls=0.5047  concept=1.7279  train_acc=0.9568  val_loss=1.3086  val_cls=1.1413  val_concept=1.6729  val_acc=0.6841
[step6][seed 1] epoch 18/100  loss=0.6180  cls=0.4469  concept=1.7111  train_acc=0.9621  val_loss=1.2595  val_cls=1.0942  val_concept=1.6527  val_acc=0.7130
[step6][seed 1] epoch 19/100  loss=0.5703  cls=0.4014  concept=1.6890  train_acc=0.9753  val_loss=1.2386  val_cls=1.0780  val_concept=1.6056  val_acc=0.7019
[step6][seed 1] epoch 20/100  loss=0.5229  cls=0.3569  concept=1.6600  train_acc=0.9827  val_loss=1.2472  val_cls=1.0872  val_concept=1.6000  val_acc=0.6930
[step6][seed 1] epoch 21/100  loss=0.4865  cls=0.3222  concept=1.6438  train_acc=0.9851  val_loss=1.2284  val_cls=1.0697  val_concept=1.5872  val_acc=0.6974
[step6][seed 1] epoch 22/100  loss=0.4462  cls=0.2843  concept=1.6193  train_acc=0.9876  val_loss=1.2446  val_cls=1.0900  val_concept=1.5469  val_acc=0.7075
[step6][seed 1] epoch 23/100  loss=0.4140  cls=0.2546  concept=1.5944  train_acc=0.9916  val_loss=1.2192  val_cls=1.0658  val_concept=1.5338  val_acc=0.7097
[step6][seed 1] epoch 24/100  loss=0.3858  cls=0.2285  concept=1.5726  train_acc=0.9951  val_loss=1.1863  val_cls=1.0365  val_concept=1.4977  val_acc=0.7008
[step6][seed 1] epoch 25/100  loss=0.3666  cls=0.2119  concept=1.5471  train_acc=0.9951  val_loss=1.2086  val_cls=1.0625  val_concept=1.4606  val_acc=0.7097
[step6][seed 1] epoch 26/100  loss=0.3402  cls=0.1882  concept=1.5204  train_acc=0.9969  val_loss=1.1840  val_cls=1.0399  val_concept=1.4416  val_acc=0.7208
[step6][seed 1] epoch 27/100  loss=0.3187  cls=0.1688  concept=1.4994  train_acc=0.9980  val_loss=1.1836  val_cls=1.0410  val_concept=1.4258  val_acc=0.7197
[step6][seed 1] epoch 28/100  loss=0.3041  cls=0.1567  concept=1.4736  train_acc=0.9982  val_loss=1.1630  val_cls=1.0227  val_concept=1.4024  val_acc=0.7130
[step6][seed 1] epoch 29/100  loss=0.2913  cls=0.1464  concept=1.4493  train_acc=0.9986  val_loss=1.1835  val_cls=1.0448  val_concept=1.3865  val_acc=0.7152
[step6][seed 1] epoch 30/100  loss=0.2786  cls=0.1359  concept=1.4272  train_acc=0.9994  val_loss=1.1364  val_cls=0.9994  val_concept=1.3698  val_acc=0.7219
[step6][seed 1] epoch 31/100  loss=0.2650  cls=0.1247  concept=1.4033  train_acc=0.9996  val_loss=1.1382  val_cls=1.0035  val_concept=1.3464  val_acc=0.7253
[step6][seed 1] epoch 32/100  loss=0.2540  cls=0.1156  concept=1.3842  train_acc=0.9994  val_loss=1.1366  val_cls=1.0049  val_concept=1.3165  val_acc=0.7297
[step6][seed 1] epoch 33/100  loss=0.2432  cls=0.1069  concept=1.3631  train_acc=0.9998  val_loss=1.1433  val_cls=1.0138  val_concept=1.2957  val_acc=0.7264
[step6][seed 1] epoch 34/100  loss=0.2384  cls=0.1040  concept=1.3436  train_acc=0.9996  val_loss=1.1405  val_cls=1.0134  val_concept=1.2708  val_acc=0.7241
[step6][seed 1] epoch 35/100  loss=0.2287  cls=0.0962  concept=1.3246  train_acc=0.9996  val_loss=1.1484  val_cls=1.0226  val_concept=1.2572  val_acc=0.7208
[step6][seed 1] epoch 36/100  loss=0.2232  cls=0.0926  concept=1.3061  train_acc=1.0000  val_loss=1.1388  val_cls=1.0153  val_concept=1.2357  val_acc=0.7264
[step6][seed 1] epoch 37/100  loss=0.2181  cls=0.0889  concept=1.2920  train_acc=0.9996  val_loss=1.1690  val_cls=1.0473  val_concept=1.2161  val_acc=0.7164
[step6][seed 1] epoch 38/100  loss=0.2127  cls=0.0850  concept=1.2775  train_acc=0.9998  val_loss=1.1484  val_cls=1.0269  val_concept=1.2149  val_acc=0.7286
[step6][seed 1] epoch 39/100  loss=0.2075  cls=0.0815  concept=1.2596  train_acc=1.0000  val_loss=1.1211  val_cls=1.0015  val_concept=1.1959  val_acc=0.7241
[step6][seed 1] epoch 40/100  loss=0.2015  cls=0.0772  concept=1.2432  train_acc=1.0000  val_loss=1.1314  val_cls=1.0136  val_concept=1.1775  val_acc=0.7186
[step6][seed 1] epoch 41/100  loss=0.1972  cls=0.0742  concept=1.2305  train_acc=1.0000  val_loss=1.1271  val_cls=1.0096  val_concept=1.1745  val_acc=0.7286
[step6][seed 1] epoch 42/100  loss=0.1949  cls=0.0733  concept=1.2164  train_acc=0.9998  val_loss=1.1212  val_cls=1.0049  val_concept=1.1633  val_acc=0.7308
[step6][seed 1] epoch 43/100  loss=0.1907  cls=0.0700  concept=1.2065  train_acc=1.0000  val_loss=1.1213  val_cls=1.0063  val_concept=1.1491  val_acc=0.7330
[step6][seed 1] epoch 44/100  loss=0.1872  cls=0.0680  concept=1.1920  train_acc=1.0000  val_loss=1.1407  val_cls=1.0267  val_concept=1.1395  val_acc=0.7241
[step6][seed 1] epoch 45/100  loss=0.1847  cls=0.0663  concept=1.1834  train_acc=1.0000  val_loss=1.1446  val_cls=1.0322  val_concept=1.1243  val_acc=0.7197
[step6][seed 1] epoch 46/100  loss=0.1824  cls=0.0652  concept=1.1717  train_acc=1.0000  val_loss=1.1409  val_cls=1.0285  val_concept=1.1231  val_acc=0.7353
[step6][seed 1] epoch 47/100  loss=0.1801  cls=0.0635  concept=1.1658  train_acc=1.0000  val_loss=1.1317  val_cls=1.0203  val_concept=1.1136  val_acc=0.7241
[step6][seed 1] epoch 48/100  loss=0.1771  cls=0.0617  concept=1.1538  train_acc=1.0000  val_loss=1.1300  val_cls=1.0196  val_concept=1.1045  val_acc=0.7275
[step6][seed 1] epoch 49/100  loss=0.1755  cls=0.0609  concept=1.1461  train_acc=1.0000  val_loss=1.1308  val_cls=1.0216  val_concept=1.0920  val_acc=0.7386
[step6][seed 1] epoch 50/100  loss=0.1724  cls=0.0586  concept=1.1383  train_acc=1.0000  val_loss=1.1433  val_cls=1.0351  val_concept=1.0817  val_acc=0.7353
[step6][seed 1] epoch 51/100  loss=0.1701  cls=0.0573  concept=1.1278  train_acc=1.0000  val_loss=1.1544  val_cls=1.0468  val_concept=1.0758  val_acc=0.7152
[step6][seed 1] epoch 52/100  loss=0.1693  cls=0.0570  concept=1.1224  train_acc=1.0000  val_loss=1.1376  val_cls=1.0307  val_concept=1.0688  val_acc=0.7330
[step6][seed 1] epoch 53/100  loss=0.1665  cls=0.0553  concept=1.1112  train_acc=1.0000  val_loss=1.1305  val_cls=1.0243  val_concept=1.0621  val_acc=0.7408
[step6][seed 1] epoch 54/100  loss=0.1652  cls=0.0546  concept=1.1063  train_acc=1.0000  val_loss=1.1151  val_cls=1.0096  val_concept=1.0557  val_acc=0.7308
[step6][seed 1] epoch 55/100  loss=0.1636  cls=0.0537  concept=1.0991  train_acc=1.0000  val_loss=1.1085  val_cls=1.0030  val_concept=1.0555  val_acc=0.7375
[step6][seed 1] epoch 56/100  loss=0.1623  cls=0.0530  concept=1.0931  train_acc=1.0000  val_loss=1.1285  val_cls=1.0233  val_concept=1.0521  val_acc=0.7364
[step6][seed 1] epoch 57/100  loss=0.1615  cls=0.0525  concept=1.0895  train_acc=1.0000  val_loss=1.1253  val_cls=1.0216  val_concept=1.0367  val_acc=0.7297
[step6][seed 1] epoch 58/100  loss=0.1595  cls=0.0514  concept=1.0818  train_acc=1.0000  val_loss=1.1495  val_cls=1.0459  val_concept=1.0365  val_acc=0.7297
[step6][seed 1] epoch 59/100  loss=0.1578  cls=0.0503  concept=1.0750  train_acc=1.0000  val_loss=1.1406  val_cls=1.0376  val_concept=1.0301  val_acc=0.7375
[step6][seed 1] epoch 60/100  loss=0.1563  cls=0.0492  concept=1.0717  train_acc=1.0000  val_loss=1.1324  val_cls=1.0306  val_concept=1.0185  val_acc=0.7341
[step6][seed 1] epoch 61/100  loss=0.1551  cls=0.0485  concept=1.0654  train_acc=1.0000  val_loss=1.1335  val_cls=1.0317  val_concept=1.0185  val_acc=0.7408
[step6][seed 1] epoch 62/100  loss=0.1547  cls=0.0488  concept=1.0589  train_acc=1.0000  val_loss=1.1433  val_cls=1.0421  val_concept=1.0128  val_acc=0.7364
[step6][seed 1] epoch 63/100  loss=0.1537  cls=0.0480  concept=1.0574  train_acc=1.0000  val_loss=1.1490  val_cls=1.0479  val_concept=1.0113  val_acc=0.7375
[step6][seed 1] epoch 64/100  loss=0.1524  cls=0.0471  concept=1.0530  train_acc=1.0000  val_loss=1.1461  val_cls=1.0459  val_concept=1.0022  val_acc=0.7408
[step6][seed 1] epoch 65/100  loss=0.1515  cls=0.0469  concept=1.0465  train_acc=1.0000  val_loss=1.1376  val_cls=1.0377  val_concept=0.9990  val_acc=0.7397
[step6][seed 1] epoch 66/100  loss=0.1500  cls=0.0457  concept=1.0431  train_acc=1.0000  val_loss=1.1383  val_cls=1.0388  val_concept=0.9948  val_acc=0.7486
[step6][seed 1] epoch 67/100  loss=0.1499  cls=0.0460  concept=1.0390  train_acc=1.0000  val_loss=1.1200  val_cls=1.0207  val_concept=0.9933  val_acc=0.7341
[step6][seed 1] epoch 68/100  loss=0.1486  cls=0.0450  concept=1.0355  train_acc=1.0000  val_loss=1.1258  val_cls=1.0266  val_concept=0.9916  val_acc=0.7453
[step6][seed 1] epoch 69/100  loss=0.1481  cls=0.0449  concept=1.0324  train_acc=1.0000  val_loss=1.1367  val_cls=1.0382  val_concept=0.9853  val_acc=0.7375
[step6][seed 1] epoch 70/100  loss=0.1471  cls=0.0441  concept=1.0305  train_acc=1.0000  val_loss=1.1470  val_cls=1.0483  val_concept=0.9868  val_acc=0.7430
[step6][seed 1] epoch 71/100  loss=0.1465  cls=0.0440  concept=1.0256  train_acc=1.0000  val_loss=1.1493  val_cls=1.0512  val_concept=0.9812  val_acc=0.7330
[step6][seed 1] epoch 72/100  loss=0.1452  cls=0.0428  concept=1.0240  train_acc=1.0000  val_loss=1.1472  val_cls=1.0500  val_concept=0.9715  val_acc=0.7442
[step6][seed 1] epoch 73/100  loss=0.1450  cls=0.0432  concept=1.0185  train_acc=1.0000  val_loss=1.1368  val_cls=1.0394  val_concept=0.9741  val_acc=0.7330
[step6][seed 1] epoch 74/100  loss=0.1447  cls=0.0429  concept=1.0180  train_acc=1.0000  val_loss=1.1544  val_cls=1.0575  val_concept=0.9694  val_acc=0.7308
[step6][seed 1] epoch 75/100  loss=0.1438  cls=0.0424  concept=1.0147  train_acc=1.0000  val_loss=1.1344  val_cls=1.0373  val_concept=0.9712  val_acc=0.7386
[step6][seed 1] epoch 76/100  loss=0.1432  cls=0.0418  concept=1.0137  train_acc=1.0000  val_loss=1.1497  val_cls=1.0532  val_concept=0.9651  val_acc=0.7386
[step6][seed 1] epoch 77/100  loss=0.1426  cls=0.0416  concept=1.0092  train_acc=1.0000  val_loss=1.1543  val_cls=1.0581  val_concept=0.9615  val_acc=0.7386
[step6][seed 1] epoch 78/100  loss=0.1427  cls=0.0420  concept=1.0066  train_acc=1.0000  val_loss=1.1486  val_cls=1.0523  val_concept=0.9625  val_acc=0.7419
[step6][seed 1] epoch 79/100  loss=0.1420  cls=0.0414  concept=1.0067  train_acc=1.0000  val_loss=1.1518  val_cls=1.0557  val_concept=0.9615  val_acc=0.7408
[step6][seed 1] epoch 80/100  loss=0.1413  cls=0.0409  concept=1.0041  train_acc=1.0000  val_loss=1.1449  val_cls=1.0488  val_concept=0.9609  val_acc=0.7430
[step6][seed 1] epoch 81/100  loss=0.1412  cls=0.0410  concept=1.0024  train_acc=1.0000  val_loss=1.1405  val_cls=1.0448  val_concept=0.9565  val_acc=0.7386
[step6][seed 1] epoch 82/100  loss=0.1402  cls=0.0402  concept=0.9998  train_acc=1.0000  val_loss=1.1512  val_cls=1.0558  val_concept=0.9538  val_acc=0.7519
[step6][seed 1] epoch 83/100  loss=0.1403  cls=0.0403  concept=0.9991  train_acc=1.0000  val_loss=1.1553  val_cls=1.0600  val_concept=0.9524  val_acc=0.7430
[step6][seed 1] epoch 84/100  loss=0.1403  cls=0.0407  concept=0.9967  train_acc=1.0000  val_loss=1.1524  val_cls=1.0572  val_concept=0.9514  val_acc=0.7442
[step6][seed 1] epoch 85/100  loss=0.1400  cls=0.0403  concept=0.9967  train_acc=1.0000  val_loss=1.1502  val_cls=1.0551  val_concept=0.9510  val_acc=0.7419
[step6][seed 1] epoch 86/100  loss=0.1393  cls=0.0398  concept=0.9954  train_acc=1.0000  val_loss=1.1527  val_cls=1.0580  val_concept=0.9474  val_acc=0.7442
[step6][seed 1] epoch 87/100  loss=0.1390  cls=0.0396  concept=0.9941  train_acc=1.0000  val_loss=1.1526  val_cls=1.0579  val_concept=0.9475  val_acc=0.7386
[step6][seed 1] epoch 88/100  loss=0.1393  cls=0.0400  concept=0.9928  train_acc=1.0000  val_loss=1.1492  val_cls=1.0544  val_concept=0.9478  val_acc=0.7419
[step6][seed 1] epoch 89/100  loss=0.1386  cls=0.0394  concept=0.9921  train_acc=1.0000  val_loss=1.1463  val_cls=1.0515  val_concept=0.9478  val_acc=0.7419
[step6][seed 1] epoch 90/100  loss=0.1388  cls=0.0396  concept=0.9917  train_acc=1.0000  val_loss=1.1522  val_cls=1.0576  val_concept=0.9458  val_acc=0.7408
[step6][seed 1] epoch 91/100  loss=0.1387  cls=0.0397  concept=0.9902  train_acc=1.0000  val_loss=1.1512  val_cls=1.0567  val_concept=0.9449  val_acc=0.7442
[step6][seed 1] epoch 92/100  loss=0.1384  cls=0.0392  concept=0.9913  train_acc=1.0000  val_loss=1.1542  val_cls=1.0597  val_concept=0.9448  val_acc=0.7408
[step6][seed 1] epoch 93/100  loss=0.1383  cls=0.0393  concept=0.9896  train_acc=1.0000  val_loss=1.1526  val_cls=1.0582  val_concept=0.9439  val_acc=0.7430
[step6][seed 1] epoch 94/100  loss=0.1383  cls=0.0393  concept=0.9899  train_acc=1.0000  val_loss=1.1503  val_cls=1.0559  val_concept=0.9441  val_acc=0.7419
[step6][seed 1] epoch 95/100  loss=0.1376  cls=0.0387  concept=0.9892  train_acc=1.0000  val_loss=1.1521  val_cls=1.0578  val_concept=0.9435  val_acc=0.7430
[step6][seed 1] epoch 96/100  loss=0.1378  cls=0.0389  concept=0.9888  train_acc=1.0000  val_loss=1.1511  val_cls=1.0567  val_concept=0.9441  val_acc=0.7453
[step6][seed 1] epoch 97/100  loss=0.1378  cls=0.0388  concept=0.9898  train_acc=1.0000  val_loss=1.1511  val_cls=1.0568  val_concept=0.9435  val_acc=0.7453
[step6][seed 1] epoch 98/100  loss=0.1379  cls=0.0391  concept=0.9880  train_acc=1.0000  val_loss=1.1510  val_cls=1.0566  val_concept=0.9436  val_acc=0.7430
[step6][seed 1] epoch 99/100  loss=0.1377  cls=0.0389  concept=0.9888  train_acc=1.0000  val_loss=1.1513  val_cls=1.0569  val_concept=0.9435  val_acc=0.7430
[step6][seed 1] epoch 100/100  loss=0.1376  cls=0.0386  concept=0.9896  train_acc=1.0000  val_loss=1.1513  val_cls=1.0569  val_concept=0.9435  val_acc=0.7430
[step6][seed 1] test top-1 accuracy = 0.7209
[step6][seed 1] saved checkpoint -> /home/cril/boulaabi/CLARITY/VisualCLARITY/outputs/checkpoints/globalcbm_seed1.pt
[step6][seed 2] epoch 1/100  loss=5.2159  cls=5.1511  concept=0.6479  train_acc=0.0338  val_loss=4.9348  val_cls=4.8577  val_concept=0.7709  val_acc=0.0534
[step6][seed 2] epoch 2/100  loss=4.5125  cls=4.4152  concept=0.9732  train_acc=0.1317  val_loss=4.1645  val_cls=4.0486  val_concept=1.1592  val_acc=0.1368
[step6][seed 2] epoch 3/100  loss=3.7381  cls=3.6090  concept=1.2914  train_acc=0.2469  val_loss=3.4808  val_cls=3.3403  val_concept=1.4057  val_acc=0.2647
[step6][seed 2] epoch 4/100  loss=3.1056  cls=2.9560  concept=1.4959  train_acc=0.3986  val_loss=2.9812  val_cls=2.8251  val_concept=1.5606  val_acc=0.3660
[step6][seed 2] epoch 5/100  loss=2.6345  cls=2.4718  concept=1.6272  train_acc=0.5076  val_loss=2.6231  val_cls=2.4554  val_concept=1.6769  val_acc=0.4583
[step6][seed 2] epoch 6/100  loss=2.2644  cls=2.0935  concept=1.7085  train_acc=0.6094  val_loss=2.3385  val_cls=2.1692  val_concept=1.6933  val_acc=0.5217
[step6][seed 2] epoch 7/100  loss=1.9780  cls=1.8033  concept=1.7479  train_acc=0.6763  val_loss=2.0997  val_cls=1.9239  val_concept=1.7579  val_acc=0.5473
[step6][seed 2] epoch 8/100  loss=1.7396  cls=1.5618  concept=1.7788  train_acc=0.7250  val_loss=1.9430  val_cls=1.7688  val_concept=1.7425  val_acc=0.5628
[step6][seed 2] epoch 9/100  loss=1.5516  cls=1.3727  concept=1.7891  train_acc=0.7710  val_loss=1.8228  val_cls=1.6474  val_concept=1.7543  val_acc=0.5862
[step6][seed 2] epoch 10/100  loss=1.3805  cls=1.2010  concept=1.7943  train_acc=0.8149  val_loss=1.6888  val_cls=1.5124  val_concept=1.7632  val_acc=0.6329
[step6][seed 2] epoch 11/100  loss=1.2344  cls=1.0550  concept=1.7942  train_acc=0.8499  val_loss=1.5832  val_cls=1.4083  val_concept=1.7493  val_acc=0.6663
[step6][seed 2] epoch 12/100  loss=1.1144  cls=0.9358  concept=1.7859  train_acc=0.8669  val_loss=1.5146  val_cls=1.3409  val_concept=1.7369  val_acc=0.6563
[step6][seed 2] epoch 13/100  loss=1.0018  cls=0.8241  concept=1.7769  train_acc=0.8983  val_loss=1.4764  val_cls=1.3037  val_concept=1.7273  val_acc=0.6707
[step6][seed 2] epoch 14/100  loss=0.9120  cls=0.7365  concept=1.7553  train_acc=0.9101  val_loss=1.4081  val_cls=1.2367  val_concept=1.7135  val_acc=0.6830
[step6][seed 2] epoch 15/100  loss=0.8246  cls=0.6507  concept=1.7389  train_acc=0.9286  val_loss=1.3531  val_cls=1.1854  val_concept=1.6771  val_acc=0.6741
[step6][seed 2] epoch 16/100  loss=0.7569  cls=0.5844  concept=1.7253  train_acc=0.9452  val_loss=1.3279  val_cls=1.1604  val_concept=1.6748  val_acc=0.6852
[step6][seed 2] epoch 17/100  loss=0.6863  cls=0.5155  concept=1.7076  train_acc=0.9553  val_loss=1.3168  val_cls=1.1511  val_concept=1.6578  val_acc=0.6819
[step6][seed 2] epoch 18/100  loss=0.6261  cls=0.4575  concept=1.6867  train_acc=0.9617  val_loss=1.2837  val_cls=1.1193  val_concept=1.6438  val_acc=0.6908
[step6][seed 2] epoch 19/100  loss=0.5716  cls=0.4047  concept=1.6694  train_acc=0.9737  val_loss=1.2479  val_cls=1.0859  val_concept=1.6203  val_acc=0.6919
[step6][seed 2] epoch 20/100  loss=0.5210  cls=0.3564  concept=1.6462  train_acc=0.9790  val_loss=1.2242  val_cls=1.0655  val_concept=1.5870  val_acc=0.6974
[step6][seed 2] epoch 21/100  loss=0.4857  cls=0.3234  concept=1.6230  train_acc=0.9847  val_loss=1.2393  val_cls=1.0838  val_concept=1.5555  val_acc=0.7019
[step6][seed 2] epoch 22/100  loss=0.4496  cls=0.2897  concept=1.5996  train_acc=0.9870  val_loss=1.1950  val_cls=1.0415  val_concept=1.5353  val_acc=0.7030
[step6][seed 2] epoch 23/100  loss=0.4162  cls=0.2589  concept=1.5729  train_acc=0.9918  val_loss=1.2055  val_cls=1.0549  val_concept=1.5061  val_acc=0.7052
[step6][seed 2] epoch 24/100  loss=0.3903  cls=0.2345  concept=1.5576  train_acc=0.9941  val_loss=1.1674  val_cls=1.0168  val_concept=1.5066  val_acc=0.6986
[step6][seed 2] epoch 25/100  loss=0.3641  cls=0.2108  concept=1.5328  train_acc=0.9953  val_loss=1.1976  val_cls=1.0524  val_concept=1.4521  val_acc=0.7108
[step6][seed 2] epoch 26/100  loss=0.3401  cls=0.1896  concept=1.5050  train_acc=0.9971  val_loss=1.1710  val_cls=1.0268  val_concept=1.4427  val_acc=0.7130
[step6][seed 2] epoch 27/100  loss=0.3218  cls=0.1739  concept=1.4788  train_acc=0.9965  val_loss=1.1577  val_cls=1.0162  val_concept=1.4158  val_acc=0.7041
[step6][seed 2] epoch 28/100  loss=0.3045  cls=0.1588  concept=1.4565  train_acc=0.9976  val_loss=1.1698  val_cls=1.0310  val_concept=1.3879  val_acc=0.7186
[step6][seed 2] epoch 29/100  loss=0.2862  cls=0.1429  concept=1.4334  train_acc=0.9986  val_loss=1.1476  val_cls=1.0119  val_concept=1.3569  val_acc=0.7197
[step6][seed 2] epoch 30/100  loss=0.2730  cls=0.1324  concept=1.4057  train_acc=0.9990  val_loss=1.1553  val_cls=1.0221  val_concept=1.3327  val_acc=0.7108
[step6][seed 2] epoch 31/100  loss=0.2627  cls=0.1239  concept=1.3879  train_acc=0.9994  val_loss=1.1608  val_cls=1.0284  val_concept=1.3235  val_acc=0.7075
[step6][seed 2] epoch 32/100  loss=0.2537  cls=0.1171  concept=1.3651  train_acc=0.9998  val_loss=1.1493  val_cls=1.0194  val_concept=1.2988  val_acc=0.7141
[step6][seed 2] epoch 33/100  loss=0.2457  cls=0.1111  concept=1.3460  train_acc=0.9990  val_loss=1.1499  val_cls=1.0210  val_concept=1.2888  val_acc=0.7130
[step6][seed 2] epoch 34/100  loss=0.2370  cls=0.1041  concept=1.3286  train_acc=0.9996  val_loss=1.1342  val_cls=1.0072  val_concept=1.2698  val_acc=0.7197
[step6][seed 2] epoch 35/100  loss=0.2290  cls=0.0979  concept=1.3109  train_acc=0.9996  val_loss=1.1353  val_cls=1.0094  val_concept=1.2587  val_acc=0.7141
[step6][seed 2] epoch 36/100  loss=0.2224  cls=0.0933  concept=1.2915  train_acc=0.9998  val_loss=1.1063  val_cls=0.9830  val_concept=1.2334  val_acc=0.7208
[step6][seed 2] epoch 37/100  loss=0.2161  cls=0.0887  concept=1.2743  train_acc=0.9998  val_loss=1.1204  val_cls=0.9986  val_concept=1.2178  val_acc=0.7141
[step6][seed 2] epoch 38/100  loss=0.2098  cls=0.0839  concept=1.2585  train_acc=1.0000  val_loss=1.1155  val_cls=0.9954  val_concept=1.2008  val_acc=0.7230
[step6][seed 2] epoch 39/100  loss=0.2054  cls=0.0812  concept=1.2418  train_acc=1.0000  val_loss=1.1224  val_cls=1.0052  val_concept=1.1724  val_acc=0.7186
[step6][seed 2] epoch 40/100  loss=0.2022  cls=0.0792  concept=1.2297  train_acc=1.0000  val_loss=1.1211  val_cls=1.0039  val_concept=1.1725  val_acc=0.7319
[step6][seed 2] epoch 41/100  loss=0.1973  cls=0.0758  concept=1.2158  train_acc=1.0000  val_loss=1.1324  val_cls=1.0170  val_concept=1.1539  val_acc=0.7275
[step6][seed 2] epoch 42/100  loss=0.1922  cls=0.0718  concept=1.2039  train_acc=1.0000  val_loss=1.1364  val_cls=1.0224  val_concept=1.1398  val_acc=0.7219
[step6][seed 2] epoch 43/100  loss=0.1891  cls=0.0704  concept=1.1874  train_acc=1.0000  val_loss=1.1117  val_cls=0.9991  val_concept=1.1261  val_acc=0.7164
[step6][seed 2] epoch 44/100  loss=0.1883  cls=0.0703  concept=1.1796  train_acc=0.9990  val_loss=1.1251  val_cls=1.0126  val_concept=1.1250  val_acc=0.7164
[step6][seed 2] epoch 45/100  loss=0.1842  cls=0.0674  concept=1.1682  train_acc=1.0000  val_loss=1.1327  val_cls=1.0219  val_concept=1.1085  val_acc=0.7164
[step6][seed 2] epoch 46/100  loss=0.1793  cls=0.0637  concept=1.1567  train_acc=1.0000  val_loss=1.1166  val_cls=1.0059  val_concept=1.1068  val_acc=0.7208
[step6][seed 2] epoch 47/100  loss=0.1784  cls=0.0636  concept=1.1477  train_acc=1.0000  val_loss=1.1300  val_cls=1.0207  val_concept=1.0925  val_acc=0.7130
[step6][seed 2] epoch 48/100  loss=0.1762  cls=0.0622  concept=1.1394  train_acc=1.0000  val_loss=1.1445  val_cls=1.0362  val_concept=1.0826  val_acc=0.7186
[step6][seed 2] epoch 49/100  loss=0.1738  cls=0.0609  concept=1.1292  train_acc=1.0000  val_loss=1.1121  val_cls=1.0045  val_concept=1.0764  val_acc=0.7197
[step6][seed 2] epoch 50/100  loss=0.1719  cls=0.0596  concept=1.1234  train_acc=1.0000  val_loss=1.1239  val_cls=1.0169  val_concept=1.0707  val_acc=0.7264
[step6][seed 2] epoch 51/100  loss=0.1685  cls=0.0573  concept=1.1120  train_acc=1.0000  val_loss=1.1196  val_cls=1.0129  val_concept=1.0667  val_acc=0.7275
[step6][seed 2] epoch 52/100  loss=0.1666  cls=0.0562  concept=1.1044  train_acc=1.0000  val_loss=1.1080  val_cls=1.0027  val_concept=1.0535  val_acc=0.7175
[step6][seed 2] epoch 53/100  loss=0.1654  cls=0.0556  concept=1.0979  train_acc=1.0000  val_loss=1.1256  val_cls=1.0203  val_concept=1.0531  val_acc=0.7230
[step6][seed 2] epoch 54/100  loss=0.1643  cls=0.0551  concept=1.0929  train_acc=1.0000  val_loss=1.1175  val_cls=1.0132  val_concept=1.0428  val_acc=0.7197
[step6][seed 2] epoch 55/100  loss=0.1623  cls=0.0538  concept=1.0855  train_acc=1.0000  val_loss=1.1238  val_cls=1.0202  val_concept=1.0367  val_acc=0.7264
[step6][seed 2] epoch 56/100  loss=0.1603  cls=0.0525  concept=1.0780  train_acc=1.0000  val_loss=1.1285  val_cls=1.0260  val_concept=1.0246  val_acc=0.7275
[step6][seed 2] epoch 57/100  loss=0.1589  cls=0.0519  concept=1.0704  train_acc=1.0000  val_loss=1.1154  val_cls=1.0131  val_concept=1.0237  val_acc=0.7264
[step6][seed 2] epoch 58/100  loss=0.1571  cls=0.0504  concept=1.0664  train_acc=1.0000  val_loss=1.1173  val_cls=1.0157  val_concept=1.0157  val_acc=0.7186
[step6][seed 2] epoch 59/100  loss=0.1570  cls=0.0508  concept=1.0618  train_acc=1.0000  val_loss=1.1286  val_cls=1.0271  val_concept=1.0148  val_acc=0.7219
[step6][seed 2] epoch 60/100  loss=0.1556  cls=0.0500  concept=1.0558  train_acc=1.0000  val_loss=1.1234  val_cls=1.0230  val_concept=1.0044  val_acc=0.7164
[step6][seed 2] epoch 61/100  loss=0.1547  cls=0.0496  concept=1.0513  train_acc=1.0000  val_loss=1.1247  val_cls=1.0248  val_concept=0.9997  val_acc=0.7275
[step6][seed 2] epoch 62/100  loss=0.1532  cls=0.0486  concept=1.0460  train_acc=1.0000  val_loss=1.1284  val_cls=1.0288  val_concept=0.9968  val_acc=0.7230
[step6][seed 2] epoch 63/100  loss=0.1518  cls=0.0477  concept=1.0409  train_acc=1.0000  val_loss=1.1369  val_cls=1.0380  val_concept=0.9894  val_acc=0.7219
[step6][seed 2] epoch 64/100  loss=0.1507  cls=0.0472  concept=1.0349  train_acc=1.0000  val_loss=1.1263  val_cls=1.0273  val_concept=0.9901  val_acc=0.7186
[step6][seed 2] epoch 65/100  loss=0.1497  cls=0.0464  concept=1.0327  train_acc=1.0000  val_loss=1.1272  val_cls=1.0282  val_concept=0.9897  val_acc=0.7130
[step6][seed 2] epoch 66/100  loss=0.1488  cls=0.0460  concept=1.0283  train_acc=1.0000  val_loss=1.1305  val_cls=1.0326  val_concept=0.9783  val_acc=0.7164
[step6][seed 2] epoch 67/100  loss=0.1479  cls=0.0455  concept=1.0236  train_acc=1.0000  val_loss=1.1224  val_cls=1.0248  val_concept=0.9761  val_acc=0.7286
[step6][seed 2] epoch 68/100  loss=0.1475  cls=0.0456  concept=1.0190  train_acc=1.0000  val_loss=1.1261  val_cls=1.0288  val_concept=0.9730  val_acc=0.7241
[step6][seed 2] epoch 69/100  loss=0.1463  cls=0.0445  concept=1.0178  train_acc=1.0000  val_loss=1.1334  val_cls=1.0363  val_concept=0.9718  val_acc=0.7275
[step6][seed 2] epoch 70/100  loss=0.1456  cls=0.0442  concept=1.0136  train_acc=1.0000  val_loss=1.1285  val_cls=1.0321  val_concept=0.9641  val_acc=0.7197
[step6][seed 2] epoch 71/100  loss=0.1447  cls=0.0435  concept=1.0113  train_acc=1.0000  val_loss=1.1204  val_cls=1.0241  val_concept=0.9629  val_acc=0.7230
[step6][seed 2] epoch 72/100  loss=0.1439  cls=0.0434  concept=1.0056  train_acc=1.0000  val_loss=1.1368  val_cls=1.0409  val_concept=0.9590  val_acc=0.7319
[step6][seed 2] epoch 73/100  loss=0.1431  cls=0.0428  concept=1.0037  train_acc=1.0000  val_loss=1.1387  val_cls=1.0429  val_concept=0.9572  val_acc=0.7241
[step6][seed 2] epoch 74/100  loss=0.1429  cls=0.0427  concept=1.0021  train_acc=1.0000  val_loss=1.1283  val_cls=1.0330  val_concept=0.9527  val_acc=0.7241
[step6][seed 2] epoch 75/100  loss=0.1418  cls=0.0420  concept=0.9985  train_acc=1.0000  val_loss=1.1227  val_cls=1.0278  val_concept=0.9490  val_acc=0.7253
[step6][seed 2] epoch 76/100  loss=0.1416  cls=0.0421  concept=0.9952  train_acc=1.0000  val_loss=1.1264  val_cls=1.0312  val_concept=0.9521  val_acc=0.7219
[step6][seed 2] epoch 77/100  loss=0.1409  cls=0.0416  concept=0.9936  train_acc=1.0000  val_loss=1.1365  val_cls=1.0416  val_concept=0.9483  val_acc=0.7197
[step6][seed 2] epoch 78/100  loss=0.1409  cls=0.0417  concept=0.9921  train_acc=1.0000  val_loss=1.1344  val_cls=1.0399  val_concept=0.9449  val_acc=0.7297
[step6][seed 2] epoch 79/100  loss=0.1403  cls=0.0412  concept=0.9912  train_acc=1.0000  val_loss=1.1282  val_cls=1.0339  val_concept=0.9430  val_acc=0.7275
[step6][seed 2] epoch 80/100  loss=0.1398  cls=0.0410  concept=0.9884  train_acc=1.0000  val_loss=1.1377  val_cls=1.0435  val_concept=0.9425  val_acc=0.7275
[step6][seed 2] epoch 81/100  loss=0.1393  cls=0.0407  concept=0.9858  train_acc=1.0000  val_loss=1.1292  val_cls=1.0350  val_concept=0.9421  val_acc=0.7308
[step6][seed 2] epoch 82/100  loss=0.1387  cls=0.0402  concept=0.9846  train_acc=1.0000  val_loss=1.1384  val_cls=1.0448  val_concept=0.9360  val_acc=0.7286
[step6][seed 2] epoch 83/100  loss=0.1389  cls=0.0405  concept=0.9836  train_acc=1.0000  val_loss=1.1302  val_cls=1.0364  val_concept=0.9385  val_acc=0.7286
[step6][seed 2] epoch 84/100  loss=0.1386  cls=0.0405  concept=0.9812  train_acc=1.0000  val_loss=1.1258  val_cls=1.0320  val_concept=0.9383  val_acc=0.7241
[step6][seed 2] epoch 85/100  loss=0.1381  cls=0.0400  concept=0.9807  train_acc=1.0000  val_loss=1.1246  val_cls=1.0311  val_concept=0.9349  val_acc=0.7286
[step6][seed 2] epoch 86/100  loss=0.1377  cls=0.0398  concept=0.9792  train_acc=1.0000  val_loss=1.1268  val_cls=1.0333  val_concept=0.9350  val_acc=0.7286
[step6][seed 2] epoch 87/100  loss=0.1378  cls=0.0399  concept=0.9785  train_acc=1.0000  val_loss=1.1324  val_cls=1.0391  val_concept=0.9331  val_acc=0.7319
[step6][seed 2] epoch 88/100  loss=0.1368  cls=0.0391  concept=0.9777  train_acc=1.0000  val_loss=1.1271  val_cls=1.0339  val_concept=0.9315  val_acc=0.7241
[step6][seed 2] epoch 89/100  loss=0.1372  cls=0.0395  concept=0.9771  train_acc=1.0000  val_loss=1.1290  val_cls=1.0359  val_concept=0.9310  val_acc=0.7253
[step6][seed 2] epoch 90/100  loss=0.1370  cls=0.0394  concept=0.9756  train_acc=1.0000  val_loss=1.1283  val_cls=1.0353  val_concept=0.9301  val_acc=0.7241
[step6][seed 2] epoch 91/100  loss=0.1372  cls=0.0396  concept=0.9753  train_acc=1.0000  val_loss=1.1305  val_cls=1.0375  val_concept=0.9296  val_acc=0.7241
[step6][seed 2] epoch 92/100  loss=0.1368  cls=0.0393  concept=0.9747  train_acc=1.0000  val_loss=1.1295  val_cls=1.0366  val_concept=0.9288  val_acc=0.7230
[step6][seed 2] epoch 93/100  loss=0.1362  cls=0.0387  concept=0.9748  train_acc=1.0000  val_loss=1.1317  val_cls=1.0389  val_concept=0.9281  val_acc=0.7275
[step6][seed 2] epoch 94/100  loss=0.1363  cls=0.0389  concept=0.9741  train_acc=1.0000  val_loss=1.1329  val_cls=1.0401  val_concept=0.9283  val_acc=0.7241
[step6][seed 2] epoch 95/100  loss=0.1360  cls=0.0386  concept=0.9741  train_acc=1.0000  val_loss=1.1325  val_cls=1.0398  val_concept=0.9274  val_acc=0.7230
[step6][seed 2] epoch 96/100  loss=0.1363  cls=0.0389  concept=0.9738  train_acc=1.0000  val_loss=1.1331  val_cls=1.0404  val_concept=0.9273  val_acc=0.7241
[step6][seed 2] epoch 97/100  loss=0.1358  cls=0.0385  concept=0.9733  train_acc=1.0000  val_loss=1.1315  val_cls=1.0388  val_concept=0.9271  val_acc=0.7253
[step6][seed 2] epoch 98/100  loss=0.1363  cls=0.0389  concept=0.9738  train_acc=1.0000  val_loss=1.1319  val_cls=1.0392  val_concept=0.9270  val_acc=0.7230
[step6][seed 2] epoch 99/100  loss=0.1361  cls=0.0389  concept=0.9724  train_acc=1.0000  val_loss=1.1319  val_cls=1.0392  val_concept=0.9270  val_acc=0.7230
[step6][seed 2] epoch 100/100  loss=0.1361  cls=0.0388  concept=0.9724  train_acc=1.0000  val_loss=1.1319  val_cls=1.0392  val_concept=0.9270  val_acc=0.7230
[step6][seed 2] test top-1 accuracy = 0.7240
[step6][seed 2] saved checkpoint -> /home/cril/boulaabi/CLARITY/VisualCLARITY/outputs/checkpoints/globalcbm_seed2.pt
[step6][seed 3] epoch 1/100  loss=5.2293  cls=5.1644  concept=0.6496  train_acc=0.0336  val_loss=4.9668  val_cls=4.8905  val_concept=0.7638  val_acc=0.0523
[step6][seed 3] epoch 2/100  loss=4.5633  cls=4.4661  concept=0.9720  train_acc=0.1317  val_loss=4.2125  val_cls=4.0989  val_concept=1.1359  val_acc=0.1524
[step6][seed 3] epoch 3/100  loss=3.8026  cls=3.6742  concept=1.2842  train_acc=0.2481  val_loss=3.5282  val_cls=3.3883  val_concept=1.3994  val_acc=0.2803
[step6][seed 3] epoch 4/100  loss=3.1645  cls=3.0156  concept=1.4890  train_acc=0.3900  val_loss=3.0197  val_cls=2.8637  val_concept=1.5595  val_acc=0.3326
[step6][seed 3] epoch 5/100  loss=2.6703  cls=2.5090  concept=1.6129  train_acc=0.4985  val_loss=2.6612  val_cls=2.4958  val_concept=1.6538  val_acc=0.4071
[step6][seed 3] epoch 6/100  loss=2.2944  cls=2.1252  concept=1.6925  train_acc=0.5925  val_loss=2.3713  val_cls=2.2028  val_concept=1.6857  val_acc=0.4972
[step6][seed 3] epoch 7/100  loss=2.0003  cls=1.8268  concept=1.7349  train_acc=0.6605  val_loss=2.1571  val_cls=1.9831  val_concept=1.7398  val_acc=0.5306
[step6][seed 3] epoch 8/100  loss=1.7595  cls=1.5836  concept=1.7589  train_acc=0.7268  val_loss=1.9920  val_cls=1.8166  val_concept=1.7538  val_acc=0.5539
[step6][seed 3] epoch 9/100  loss=1.5543  cls=1.3766  concept=1.7772  train_acc=0.7710  val_loss=1.8271  val_cls=1.6529  val_concept=1.7426  val_acc=0.6085
[step6][seed 3] epoch 10/100  loss=1.3873  cls=1.2102  concept=1.7712  train_acc=0.8114  val_loss=1.7182  val_cls=1.5425  val_concept=1.7568  val_acc=0.6285
[step6][seed 3] epoch 11/100  loss=1.2492  cls=1.0714  concept=1.7772  train_acc=0.8420  val_loss=1.6186  val_cls=1.4461  val_concept=1.7250  val_acc=0.6318
[step6][seed 3] epoch 12/100  loss=1.1164  cls=0.9402  concept=1.7622  train_acc=0.8752  val_loss=1.5547  val_cls=1.3820  val_concept=1.7267  val_acc=0.6596
[step6][seed 3] epoch 13/100  loss=1.0136  cls=0.8379  concept=1.7565  train_acc=0.8956  val_loss=1.5041  val_cls=1.3322  val_concept=1.7187  val_acc=0.6529
[step6][seed 3] epoch 14/100  loss=0.9176  cls=0.7429  concept=1.7468  train_acc=0.9085  val_loss=1.4749  val_cls=1.3043  val_concept=1.7062  val_acc=0.6674
[step6][seed 3] epoch 15/100  loss=0.8328  cls=0.6600  concept=1.7286  train_acc=0.9309  val_loss=1.4261  val_cls=1.2588  val_concept=1.6723  val_acc=0.6852
[step6][seed 3] epoch 16/100  loss=0.7518  cls=0.5806  concept=1.7120  train_acc=0.9482  val_loss=1.3680  val_cls=1.1987  val_concept=1.6927  val_acc=0.6919
[step6][seed 3] epoch 17/100  loss=0.6886  cls=0.5182  concept=1.7041  train_acc=0.9598  val_loss=1.3224  val_cls=1.1584  val_concept=1.6398  val_acc=0.6908
[step6][seed 3] epoch 18/100  loss=0.6311  cls=0.4632  concept=1.6796  train_acc=0.9635  val_loss=1.2937  val_cls=1.1309  val_concept=1.6271  val_acc=0.7052
[step6][seed 3] epoch 19/100  loss=0.5785  cls=0.4127  concept=1.6575  train_acc=0.9711  val_loss=1.2720  val_cls=1.1116  val_concept=1.6043  val_acc=0.7075
[step6][seed 3] epoch 20/100  loss=0.5272  cls=0.3635  concept=1.6375  train_acc=0.9798  val_loss=1.2430  val_cls=1.0859  val_concept=1.5713  val_acc=0.7108
[step6][seed 3] epoch 21/100  loss=0.4843  cls=0.3224  concept=1.6190  train_acc=0.9857  val_loss=1.2188  val_cls=1.0626  val_concept=1.5620  val_acc=0.7241
[step6][seed 3] epoch 22/100  loss=0.4483  cls=0.2888  concept=1.5952  train_acc=0.9874  val_loss=1.2206  val_cls=1.0672  val_concept=1.5343  val_acc=0.7108
[step6][seed 3] epoch 23/100  loss=0.4157  cls=0.2580  concept=1.5765  train_acc=0.9925  val_loss=1.1963  val_cls=1.0445  val_concept=1.5183  val_acc=0.7130
[step6][seed 3] epoch 24/100  loss=0.3854  cls=0.2304  concept=1.5501  train_acc=0.9945  val_loss=1.1888  val_cls=1.0414  val_concept=1.4737  val_acc=0.7341
[step6][seed 3] epoch 25/100  loss=0.3601  cls=0.2079  concept=1.5220  train_acc=0.9955  val_loss=1.1703  val_cls=1.0251  val_concept=1.4514  val_acc=0.7275
[step6][seed 3] epoch 26/100  loss=0.3379  cls=0.1873  concept=1.5059  train_acc=0.9971  val_loss=1.1466  val_cls=1.0037  val_concept=1.4283  val_acc=0.7275
[step6][seed 3] epoch 27/100  loss=0.3228  cls=0.1749  concept=1.4792  train_acc=0.9976  val_loss=1.1547  val_cls=1.0141  val_concept=1.4057  val_acc=0.7319
[step6][seed 3] epoch 28/100  loss=0.3043  cls=0.1584  concept=1.4585  train_acc=0.9976  val_loss=1.1316  val_cls=0.9920  val_concept=1.3966  val_acc=0.7353
[step6][seed 3] epoch 29/100  loss=0.2890  cls=0.1455  concept=1.4354  train_acc=0.9994  val_loss=1.1519  val_cls=1.0156  val_concept=1.3627  val_acc=0.7286
[step6][seed 3] epoch 30/100  loss=0.2753  cls=0.1340  concept=1.4129  train_acc=0.9986  val_loss=1.1231  val_cls=0.9894  val_concept=1.3373  val_acc=0.7386
[step6][seed 3] epoch 31/100  loss=0.2641  cls=0.1250  concept=1.3914  train_acc=0.9990  val_loss=1.1393  val_cls=1.0065  val_concept=1.3279  val_acc=0.7319
[step6][seed 3] epoch 32/100  loss=0.2525  cls=0.1156  concept=1.3688  train_acc=0.9998  val_loss=1.1194  val_cls=0.9902  val_concept=1.2918  val_acc=0.7364
[step6][seed 3] epoch 33/100  loss=0.2429  cls=0.1082  concept=1.3478  train_acc=0.9998  val_loss=1.1244  val_cls=0.9961  val_concept=1.2831  val_acc=0.7319
[step6][seed 3] epoch 34/100  loss=0.2366  cls=0.1036  concept=1.3305  train_acc=0.9990  val_loss=1.1068  val_cls=0.9802  val_concept=1.2663  val_acc=0.7475
[step6][seed 3] epoch 35/100  loss=0.2281  cls=0.0971  concept=1.3099  train_acc=0.9998  val_loss=1.1468  val_cls=1.0216  val_concept=1.2528  val_acc=0.7286
[step6][seed 3] epoch 36/100  loss=0.2224  cls=0.0928  concept=1.2961  train_acc=1.0000  val_loss=1.1061  val_cls=0.9826  val_concept=1.2352  val_acc=0.7419
[step6][seed 3] epoch 37/100  loss=0.2170  cls=0.0891  concept=1.2795  train_acc=1.0000  val_loss=1.1004  val_cls=0.9777  val_concept=1.2273  val_acc=0.7531
[step6][seed 3] epoch 38/100  loss=0.2121  cls=0.0858  concept=1.2632  train_acc=1.0000  val_loss=1.1306  val_cls=1.0103  val_concept=1.2030  val_acc=0.7386
[step6][seed 3] epoch 39/100  loss=0.2078  cls=0.0829  concept=1.2491  train_acc=0.9998  val_loss=1.1149  val_cls=0.9952  val_concept=1.1972  val_acc=0.7453
[step6][seed 3] epoch 40/100  loss=0.2022  cls=0.0784  concept=1.2376  train_acc=1.0000  val_loss=1.1230  val_cls=1.0047  val_concept=1.1826  val_acc=0.7408
[step6][seed 3] epoch 41/100  loss=0.1994  cls=0.0774  concept=1.2208  train_acc=0.9998  val_loss=1.1103  val_cls=0.9931  val_concept=1.1719  val_acc=0.7297
[step6][seed 3] epoch 42/100  loss=0.1940  cls=0.0730  concept=1.2101  train_acc=1.0000  val_loss=1.1040  val_cls=0.9882  val_concept=1.1578  val_acc=0.7419
[step6][seed 3] epoch 43/100  loss=0.1895  cls=0.0699  concept=1.1955  train_acc=1.0000  val_loss=1.1200  val_cls=1.0050  val_concept=1.1506  val_acc=0.7408
[step6][seed 3] epoch 44/100  loss=0.1869  cls=0.0683  concept=1.1860  train_acc=0.9998  val_loss=1.1008  val_cls=0.9881  val_concept=1.1272  val_acc=0.7408
[step6][seed 3] epoch 45/100  loss=0.1846  cls=0.0671  concept=1.1753  train_acc=1.0000  val_loss=1.1099  val_cls=0.9974  val_concept=1.1244  val_acc=0.7341
[step6][seed 3] epoch 46/100  loss=0.1813  cls=0.0651  concept=1.1627  train_acc=1.0000  val_loss=1.0904  val_cls=0.9788  val_concept=1.1156  val_acc=0.7375
[step6][seed 3] epoch 47/100  loss=0.1790  cls=0.0635  concept=1.1556  train_acc=1.0000  val_loss=1.0945  val_cls=0.9843  val_concept=1.1019  val_acc=0.7341
[step6][seed 3] epoch 48/100  loss=0.1780  cls=0.0637  concept=1.1439  train_acc=0.9998  val_loss=1.1023  val_cls=0.9926  val_concept=1.0974  val_acc=0.7364
[step6][seed 3] epoch 49/100  loss=0.1763  cls=0.0623  concept=1.1394  train_acc=0.9994  val_loss=1.1152  val_cls=1.0058  val_concept=1.0942  val_acc=0.7364
[step6][seed 3] epoch 50/100  loss=0.1804  cls=0.0669  concept=1.1357  train_acc=0.9992  val_loss=1.1027  val_cls=0.9943  val_concept=1.0846  val_acc=0.7397
[step6][seed 3] epoch 51/100  loss=0.1718  cls=0.0593  concept=1.1247  train_acc=1.0000  val_loss=1.0872  val_cls=0.9799  val_concept=1.0730  val_acc=0.7419
[step6][seed 3] epoch 52/100  loss=0.1671  cls=0.0558  concept=1.1134  train_acc=1.0000  val_loss=1.1040  val_cls=0.9978  val_concept=1.0620  val_acc=0.7375
[step6][seed 3] epoch 53/100  loss=0.1656  cls=0.0551  concept=1.1053  train_acc=1.0000  val_loss=1.0901  val_cls=0.9846  val_concept=1.0554  val_acc=0.7397
[step6][seed 3] epoch 54/100  loss=0.1632  cls=0.0535  concept=1.0979  train_acc=1.0000  val_loss=1.1162  val_cls=1.0121  val_concept=1.0409  val_acc=0.7319
[step6][seed 3] epoch 55/100  loss=0.1621  cls=0.0533  concept=1.0882  train_acc=1.0000  val_loss=1.0798  val_cls=0.9752  val_concept=1.0461  val_acc=0.7508
[step6][seed 3] epoch 56/100  loss=0.1613  cls=0.0528  concept=1.0853  train_acc=1.0000  val_loss=1.0935  val_cls=0.9900  val_concept=1.0355  val_acc=0.7341
[step6][seed 3] epoch 57/100  loss=0.1595  cls=0.0516  concept=1.0792  train_acc=1.0000  val_loss=1.0887  val_cls=0.9858  val_concept=1.0281  val_acc=0.7486
[step6][seed 3] epoch 58/100  loss=0.1587  cls=0.0514  concept=1.0730  train_acc=1.0000  val_loss=1.0834  val_cls=0.9810  val_concept=1.0237  val_acc=0.7397
[step6][seed 3] epoch 59/100  loss=0.1574  cls=0.0506  concept=1.0675  train_acc=1.0000  val_loss=1.0907  val_cls=0.9884  val_concept=1.0226  val_acc=0.7475
[step6][seed 3] epoch 60/100  loss=0.1561  cls=0.0498  concept=1.0630  train_acc=1.0000  val_loss=1.0887  val_cls=0.9868  val_concept=1.0196  val_acc=0.7419
[step6][seed 3] epoch 61/100  loss=0.1547  cls=0.0489  concept=1.0578  train_acc=1.0000  val_loss=1.0812  val_cls=0.9800  val_concept=1.0120  val_acc=0.7464
[step6][seed 3] epoch 62/100  loss=0.1527  cls=0.0475  concept=1.0513  train_acc=1.0000  val_loss=1.0992  val_cls=0.9989  val_concept=1.0023  val_acc=0.7453
[step6][seed 3] epoch 63/100  loss=0.1521  cls=0.0475  concept=1.0452  train_acc=1.0000  val_loss=1.0983  val_cls=0.9981  val_concept=1.0020  val_acc=0.7397
[step6][seed 3] epoch 64/100  loss=0.1515  cls=0.0473  concept=1.0414  train_acc=1.0000  val_loss=1.0979  val_cls=0.9980  val_concept=0.9987  val_acc=0.7508
[step6][seed 3] epoch 65/100  loss=0.1510  cls=0.0471  concept=1.0389  train_acc=1.0000  val_loss=1.0855  val_cls=0.9860  val_concept=0.9952  val_acc=0.7464
[step6][seed 3] epoch 66/100  loss=0.1492  cls=0.0457  concept=1.0356  train_acc=1.0000  val_loss=1.1044  val_cls=1.0060  val_concept=0.9842  val_acc=0.7464
[step6][seed 3] epoch 67/100  loss=0.1489  cls=0.0456  concept=1.0324  train_acc=1.0000  val_loss=1.0974  val_cls=0.9993  val_concept=0.9814  val_acc=0.7464
[step6][seed 3] epoch 68/100  loss=0.1481  cls=0.0454  concept=1.0266  train_acc=1.0000  val_loss=1.0995  val_cls=1.0010  val_concept=0.9847  val_acc=0.7497
[step6][seed 3] epoch 69/100  loss=0.1470  cls=0.0446  concept=1.0241  train_acc=1.0000  val_loss=1.1028  val_cls=1.0048  val_concept=0.9798  val_acc=0.7442
[step6][seed 3] epoch 70/100  loss=0.1458  cls=0.0439  concept=1.0196  train_acc=1.0000  val_loss=1.1045  val_cls=1.0074  val_concept=0.9703  val_acc=0.7397
[step6][seed 3] epoch 71/100  loss=0.1459  cls=0.0444  concept=1.0156  train_acc=1.0000  val_loss=1.0921  val_cls=0.9947  val_concept=0.9749  val_acc=0.7464
[step6][seed 3] epoch 72/100  loss=0.1449  cls=0.0434  concept=1.0148  train_acc=1.0000  val_loss=1.0940  val_cls=0.9972  val_concept=0.9679  val_acc=0.7519
[step6][seed 3] epoch 73/100  loss=0.1438  cls=0.0428  concept=1.0109  train_acc=1.0000  val_loss=1.0979  val_cls=1.0011  val_concept=0.9682  val_acc=0.7486
[step6][seed 3] epoch 74/100  loss=0.1432  cls=0.0424  concept=1.0078  train_acc=1.0000  val_loss=1.1004  val_cls=1.0041  val_concept=0.9627  val_acc=0.7464
[step6][seed 3] epoch 75/100  loss=0.1430  cls=0.0425  concept=1.0051  train_acc=1.0000  val_loss=1.0909  val_cls=0.9948  val_concept=0.9613  val_acc=0.7531
[step6][seed 3] epoch 76/100  loss=0.1431  cls=0.0428  concept=1.0028  train_acc=1.0000  val_loss=1.0931  val_cls=0.9970  val_concept=0.9614  val_acc=0.7475
[step6][seed 3] epoch 77/100  loss=0.1420  cls=0.0420  concept=1.0006  train_acc=1.0000  val_loss=1.0987  val_cls=1.0031  val_concept=0.9554  val_acc=0.7430
[step6][seed 3] epoch 78/100  loss=0.1415  cls=0.0416  concept=0.9990  train_acc=1.0000  val_loss=1.0923  val_cls=0.9970  val_concept=0.9528  val_acc=0.7542
[step6][seed 3] epoch 79/100  loss=0.1406  cls=0.0409  concept=0.9975  train_acc=1.0000  val_loss=1.0953  val_cls=1.0003  val_concept=0.9502  val_acc=0.7464
[step6][seed 3] epoch 80/100  loss=0.1411  cls=0.0416  concept=0.9947  train_acc=1.0000  val_loss=1.0998  val_cls=1.0046  val_concept=0.9517  val_acc=0.7430
[step6][seed 3] epoch 81/100  loss=0.1402  cls=0.0408  concept=0.9939  train_acc=1.0000  val_loss=1.0940  val_cls=0.9991  val_concept=0.9485  val_acc=0.7475
[step6][seed 3] epoch 82/100  loss=0.1396  cls=0.0404  concept=0.9914  train_acc=1.0000  val_loss=1.0955  val_cls=1.0009  val_concept=0.9454  val_acc=0.7430
[step6][seed 3] epoch 83/100  loss=0.1397  cls=0.0408  concept=0.9892  train_acc=1.0000  val_loss=1.0982  val_cls=1.0036  val_concept=0.9457  val_acc=0.7486
[step6][seed 3] epoch 84/100  loss=0.1393  cls=0.0404  concept=0.9896  train_acc=1.0000  val_loss=1.1026  val_cls=1.0080  val_concept=0.9457  val_acc=0.7531
[step6][seed 3] epoch 85/100  loss=0.1388  cls=0.0400  concept=0.9878  train_acc=1.0000  val_loss=1.1021  val_cls=1.0080  val_concept=0.9410  val_acc=0.7475
[step6][seed 3] epoch 86/100  loss=0.1387  cls=0.0400  concept=0.9864  train_acc=1.0000  val_loss=1.0972  val_cls=1.0031  val_concept=0.9412  val_acc=0.7497
[step6][seed 3] epoch 87/100  loss=0.1381  cls=0.0395  concept=0.9853  train_acc=1.0000  val_loss=1.1010  val_cls=1.0070  val_concept=0.9406  val_acc=0.7453
[step6][seed 3] epoch 88/100  loss=0.1384  cls=0.0400  concept=0.9836  train_acc=1.0000  val_loss=1.0992  val_cls=1.0052  val_concept=0.9396  val_acc=0.7453
[step6][seed 3] epoch 89/100  loss=0.1378  cls=0.0394  concept=0.9835  train_acc=1.0000  val_loss=1.1003  val_cls=1.0065  val_concept=0.9381  val_acc=0.7497
[step6][seed 3] epoch 90/100  loss=0.1378  cls=0.0395  concept=0.9832  train_acc=1.0000  val_loss=1.1031  val_cls=1.0094  val_concept=0.9375  val_acc=0.7497
[step6][seed 3] epoch 91/100  loss=0.1374  cls=0.0392  concept=0.9823  train_acc=1.0000  val_loss=1.1001  val_cls=1.0064  val_concept=0.9368  val_acc=0.7475
[step6][seed 3] epoch 92/100  loss=0.1376  cls=0.0393  concept=0.9829  train_acc=1.0000  val_loss=1.1016  val_cls=1.0080  val_concept=0.9361  val_acc=0.7464
[step6][seed 3] epoch 93/100  loss=0.1370  cls=0.0388  concept=0.9820  train_acc=1.0000  val_loss=1.0982  val_cls=1.0046  val_concept=0.9352  val_acc=0.7497
[step6][seed 3] epoch 94/100  loss=0.1370  cls=0.0390  concept=0.9799  train_acc=1.0000  val_loss=1.0988  val_cls=1.0053  val_concept=0.9356  val_acc=0.7531
[step6][seed 3] epoch 95/100  loss=0.1369  cls=0.0389  concept=0.9806  train_acc=1.0000  val_loss=1.0998  val_cls=1.0063  val_concept=0.9345  val_acc=0.7508
[step6][seed 3] epoch 96/100  loss=0.1372  cls=0.0392  concept=0.9795  train_acc=1.0000  val_loss=1.0996  val_cls=1.0061  val_concept=0.9350  val_acc=0.7519
[step6][seed 3] epoch 97/100  loss=0.1368  cls=0.0389  concept=0.9794  train_acc=1.0000  val_loss=1.1011  val_cls=1.0076  val_concept=0.9347  val_acc=0.7531
[step6][seed 3] epoch 98/100  loss=0.1365  cls=0.0385  concept=0.9802  train_acc=1.0000  val_loss=1.1008  val_cls=1.0073  val_concept=0.9345  val_acc=0.7531
[step6][seed 3] epoch 99/100  loss=0.1366  cls=0.0386  concept=0.9798  train_acc=1.0000  val_loss=1.1004  val_cls=1.0070  val_concept=0.9344  val_acc=0.7531
[step6][seed 3] epoch 100/100  loss=0.1365  cls=0.0385  concept=0.9808  train_acc=1.0000  val_loss=1.1005  val_cls=1.0070  val_concept=0.9344  val_acc=0.7531
[step6][seed 3] test top-1 accuracy = 0.7213
[step6][seed 3] saved checkpoint -> /home/cril/boulaabi/CLARITY/VisualCLARITY/outputs/checkpoints/globalcbm_seed3.pt
[step6] Done.

### TRAIN VisualCLARITY (step7)
Inferred num_concepts=108 from dataset.
[seed 1] epoch 1/100 loss=5.3463 (cls=5.1342 concept=0.6509 sparsity=1.4633 continuity=0.0135) train_acc=0.0446 val_loss=4.9642 (val_cls=4.8262 val_concept=0.7971 val_sparsity=0.5749 val_continuity=0.0152) val_acc=0.1112
[seed 1] epoch 2/100 loss=4.4632 (cls=4.3143 concept=1.0200 sparsity=0.4616 continuity=0.0155) train_acc=0.2200 val_loss=4.0837 (val_cls=3.9237 val_concept=1.2009 val_sparsity=0.3922 val_continuity=0.0155) val_acc=0.2481
[seed 1] epoch 3/100 loss=3.5992 (cls=3.4275 concept=1.3566 sparsity=0.3522 continuity=0.0156) train_acc=0.4261 val_loss=3.3247 (val_cls=3.1443 val_concept=1.4699 val_sparsity=0.3258 val_continuity=0.0156) val_acc=0.3982
[seed 1] epoch 4/100 loss=2.9109 (cls=2.7228 concept=1.5699 sparsity=0.3037 continuity=0.0157) train_acc=0.5607 val_loss=2.7386 (val_cls=2.5455 val_concept=1.6305 val_sparsity=0.2933 val_continuity=0.0157) val_acc=0.5628
[seed 1] epoch 5/100 loss=2.3892 (cls=2.1912 concept=1.6942 sparsity=0.2778 continuity=0.0158) train_acc=0.6932 val_loss=2.3222 (val_cls=2.1228 val_concept=1.7099 val_sparsity=0.2754 val_continuity=0.0157) val_acc=0.6274
[seed 1] epoch 6/100 loss=2.0004 (cls=1.7979 concept=1.7555 sparsity=0.2619 continuity=0.0158) train_acc=0.7611 val_loss=2.0131 (val_cls=1.8123 val_concept=1.7360 val_sparsity=0.2638 val_continuity=0.0157) val_acc=0.7108
[seed 1] epoch 7/100 loss=1.7083 (cls=1.5041 concept=1.7839 sparsity=0.2511 continuity=0.0158) train_acc=0.8159 val_loss=1.7998 (val_cls=1.5970 val_concept=1.7643 val_sparsity=0.2558 val_continuity=0.0158) val_acc=0.7531
[seed 1] epoch 8/100 loss=1.4812 (cls=1.2769 concept=1.7912 sparsity=0.2435 continuity=0.0158) train_acc=0.8540 val_loss=1.6043 (val_cls=1.4020 val_concept=1.7647 val_sparsity=0.2501 val_continuity=0.0158) val_acc=0.7764
[seed 1] epoch 9/100 loss=1.2955 (cls=1.0928 concept=1.7811 sparsity=0.2377 continuity=0.0158) train_acc=0.8767 val_loss=1.4645 (val_cls=1.2673 val_concept=1.7192 val_sparsity=0.2458 val_continuity=0.0158) val_acc=0.7920
[seed 1] epoch 10/100 loss=1.1501 (cls=0.9494 concept=1.7651 sparsity=0.2334 continuity=0.0158) train_acc=0.8975 val_loss=1.3574 (val_cls=1.1585 val_concept=1.7383 val_sparsity=0.2429 val_continuity=0.0158) val_acc=0.8087
[seed 1] epoch 11/100 loss=1.0227 (cls=0.8244 concept=1.7450 sparsity=0.2302 continuity=0.0158) train_acc=0.9162 val_loss=1.2714 (val_cls=1.0770 val_concept=1.6954 val_sparsity=0.2407 val_continuity=0.0158) val_acc=0.8120
[seed 1] epoch 12/100 loss=0.9166 (cls=0.7208 concept=1.7227 sparsity=0.2274 continuity=0.0158) train_acc=0.9346 val_loss=1.2037 (val_cls=1.0147 val_concept=1.6435 val_sparsity=0.2388 val_continuity=0.0158) val_acc=0.8120
[seed 1] epoch 13/100 loss=0.8277 (cls=0.6349 concept=1.6951 sparsity=0.2248 continuity=0.0158) train_acc=0.9407 val_loss=1.1284 (val_cls=0.9413 val_concept=1.6268 val_sparsity=0.2367 val_continuity=0.0158) val_acc=0.8320
[seed 1] epoch 14/100 loss=0.7527 (cls=0.5628 concept=1.6686 sparsity=0.2229 continuity=0.0158) train_acc=0.9556 val_loss=1.1008 (val_cls=0.9150 val_concept=1.6152 val_sparsity=0.2351 val_continuity=0.0158) val_acc=0.8242
[seed 1] epoch 15/100 loss=0.6917 (cls=0.5037 concept=1.6512 sparsity=0.2213 continuity=0.0158) train_acc=0.9643 val_loss=1.0451 (val_cls=0.8608 val_concept=1.6014 val_sparsity=0.2337 val_continuity=0.0158) val_acc=0.8354
[seed 1] epoch 16/100 loss=0.6309 (cls=0.4464 concept=1.6176 sparsity=0.2196 continuity=0.0158) train_acc=0.9708 val_loss=0.9946 (val_cls=0.8148 val_concept=1.5580 val_sparsity=0.2329 val_continuity=0.0158) val_acc=0.8443
[seed 1] epoch 17/100 loss=0.5760 (cls=0.3935 concept=1.5979 sparsity=0.2185 continuity=0.0158) train_acc=0.9749 val_loss=0.9704 (val_cls=0.7925 val_concept=1.5391 val_sparsity=0.2318 val_continuity=0.0158) val_acc=0.8565
[seed 1] epoch 18/100 loss=0.5376 (cls=0.3578 concept=1.5730 sparsity=0.2174 continuity=0.0158) train_acc=0.9800 val_loss=0.9416 (val_cls=0.7658 val_concept=1.5194 val_sparsity=0.2309 val_continuity=0.0158) val_acc=0.8543
[seed 1] epoch 19/100 loss=0.4905 (cls=0.3140 concept=1.5411 sparsity=0.2163 continuity=0.0158) train_acc=0.9870 val_loss=0.9199 (val_cls=0.7477 val_concept=1.4843 val_sparsity=0.2298 val_continuity=0.0158) val_acc=0.8565
[seed 1] epoch 20/100 loss=0.4585 (cls=0.2847 concept=1.5141 sparsity=0.2153 continuity=0.0158) train_acc=0.9874 val_loss=0.8990 (val_cls=0.7306 val_concept=1.4465 val_sparsity=0.2297 val_continuity=0.0158) val_acc=0.8554
[seed 1] epoch 21/100 loss=0.4258 (cls=0.2543 concept=1.4921 sparsity=0.2145 continuity=0.0158) train_acc=0.9904 val_loss=0.8839 (val_cls=0.7160 val_concept=1.4427 val_sparsity=0.2285 val_continuity=0.0158) val_acc=0.8521
[seed 1] epoch 22/100 loss=0.3972 (cls=0.2286 concept=1.4642 sparsity=0.2137 continuity=0.0158) train_acc=0.9931 val_loss=0.8785 (val_cls=0.7125 val_concept=1.4237 val_sparsity=0.2279 val_continuity=0.0158) val_acc=0.8543
[seed 1] epoch 23/100 loss=0.3750 (cls=0.2082 concept=1.4470 sparsity=0.2136 continuity=0.0158) train_acc=0.9955 val_loss=0.8591 (val_cls=0.6983 val_concept=1.3728 val_sparsity=0.2275 val_continuity=0.0158) val_acc=0.8532
[seed 1] epoch 24/100 loss=0.3532 (cls=0.1891 concept=1.4216 sparsity=0.2122 continuity=0.0158) train_acc=0.9971 val_loss=0.8274 (val_cls=0.6668 val_concept=1.3717 val_sparsity=0.2272 val_continuity=0.0158) val_acc=0.8632
[seed 1] epoch 25/100 loss=0.3296 (cls=0.1682 concept=1.3945 sparsity=0.2119 continuity=0.0158) train_acc=0.9980 val_loss=0.8257 (val_cls=0.6686 val_concept=1.3369 val_sparsity=0.2262 val_continuity=0.0158) val_acc=0.8632
[seed 1] epoch 26/100 loss=0.3156 (cls=0.1566 concept=1.3708 sparsity=0.2112 continuity=0.0158) train_acc=0.9982 val_loss=0.8175 (val_cls=0.6602 val_concept=1.3387 val_sparsity=0.2263 val_continuity=0.0158) val_acc=0.8576
[seed 1] epoch 27/100 loss=0.2988 (cls=0.1419 concept=1.3508 sparsity=0.2108 continuity=0.0158) train_acc=0.9990 val_loss=0.8286 (val_cls=0.6740 val_concept=1.3122 val_sparsity=0.2258 val_continuity=0.0158) val_acc=0.8565
[seed 1] epoch 28/100 loss=0.2879 (cls=0.1329 concept=1.3319 sparsity=0.2102 continuity=0.0158) train_acc=0.9992 val_loss=0.8053 (val_cls=0.6559 val_concept=1.2606 val_sparsity=0.2258 val_continuity=0.0158) val_acc=0.8610
[seed 1] epoch 29/100 loss=0.2740 (cls=0.1213 concept=1.3092 sparsity=0.2099 continuity=0.0158) train_acc=0.9998 val_loss=0.7802 (val_cls=0.6300 val_concept=1.2683 val_sparsity=0.2254 val_continuity=0.0158) val_acc=0.8676
[seed 1] epoch 30/100 loss=0.2642 (cls=0.1138 concept=1.2858 sparsity=0.2096 continuity=0.0158) train_acc=0.9996 val_loss=0.7849 (val_cls=0.6379 val_concept=1.2376 val_sparsity=0.2247 val_continuity=0.0158) val_acc=0.8676
[seed 1] epoch 31/100 loss=0.2569 (cls=0.1082 concept=1.2696 sparsity=0.2094 continuity=0.0159) train_acc=0.9996 val_loss=0.7768 (val_cls=0.6322 val_concept=1.2125 val_sparsity=0.2252 val_continuity=0.0158) val_acc=0.8654
[seed 1] epoch 32/100 loss=0.2493 (cls=0.1024 concept=1.2531 sparsity=0.2088 continuity=0.0159) train_acc=1.0000 val_loss=0.7805 (val_cls=0.6369 val_concept=1.2038 val_sparsity=0.2245 val_continuity=0.0158) val_acc=0.8621
[seed 1] epoch 33/100 loss=0.2409 (cls=0.0957 concept=1.2355 sparsity=0.2085 continuity=0.0158) train_acc=1.0000 val_loss=0.7748 (val_cls=0.6315 val_concept=1.2002 val_sparsity=0.2246 val_continuity=0.0158) val_acc=0.8676
[seed 1] epoch 34/100 loss=0.2345 (cls=0.0910 concept=1.2187 sparsity=0.2083 continuity=0.0158) train_acc=1.0000 val_loss=0.7626 (val_cls=0.6221 val_concept=1.1723 val_sparsity=0.2243 val_continuity=0.0158) val_acc=0.8598
[seed 1] epoch 35/100 loss=0.2278 (cls=0.0857 concept=1.2047 sparsity=0.2082 continuity=0.0159) train_acc=1.0000 val_loss=0.7845 (val_cls=0.6460 val_concept=1.1524 val_sparsity=0.2241 val_continuity=0.0158) val_acc=0.8610
[seed 1] epoch 36/100 loss=0.2232 (cls=0.0827 concept=1.1891 sparsity=0.2077 continuity=0.0159) train_acc=1.0000 val_loss=0.7685 (val_cls=0.6304 val_concept=1.1488 val_sparsity=0.2242 val_continuity=0.0158) val_acc=0.8532
[seed 1] epoch 37/100 loss=0.2173 (cls=0.0783 concept=1.1744 sparsity=0.2077 continuity=0.0159) train_acc=1.0000 val_loss=0.7783 (val_cls=0.6411 val_concept=1.1399 val_sparsity=0.2236 val_continuity=0.0158) val_acc=0.8621
[seed 1] epoch 38/100 loss=0.2143 (cls=0.0765 concept=1.1628 sparsity=0.2076 continuity=0.0158) train_acc=1.0000 val_loss=0.7623 (val_cls=0.6265 val_concept=1.1262 val_sparsity=0.2236 val_continuity=0.0158) val_acc=0.8687
[seed 1] epoch 39/100 loss=0.2096 (cls=0.0728 concept=1.1525 sparsity=0.2069 continuity=0.0159) train_acc=1.0000 val_loss=0.7561 (val_cls=0.6225 val_concept=1.1052 val_sparsity=0.2231 val_continuity=0.0158) val_acc=0.8643
[seed 1] epoch 40/100 loss=0.2056 (cls=0.0702 concept=1.1389 sparsity=0.2067 continuity=0.0159) train_acc=1.0000 val_loss=0.7648 (val_cls=0.6305 val_concept=1.1119 val_sparsity=0.2228 val_continuity=0.0158) val_acc=0.8509
[seed 1] epoch 41/100 loss=0.2023 (cls=0.0682 concept=1.1266 sparsity=0.2066 continuity=0.0159) train_acc=1.0000 val_loss=0.7451 (val_cls=0.6121 val_concept=1.0994 val_sparsity=0.2229 val_continuity=0.0158) val_acc=0.8587
[seed 1] epoch 42/100 loss=0.2000 (cls=0.0667 concept=1.1186 sparsity=0.2066 continuity=0.0159) train_acc=1.0000 val_loss=0.7333 (val_cls=0.6012 val_concept=1.0899 val_sparsity=0.2232 val_continuity=0.0158) val_acc=0.8676
[seed 1] epoch 43/100 loss=0.1961 (cls=0.0640 concept=1.1070 sparsity=0.2063 continuity=0.0159) train_acc=1.0000 val_loss=0.7514 (val_cls=0.6213 val_concept=1.0711 val_sparsity=0.2224 val_continuity=0.0158) val_acc=0.8643
[seed 1] epoch 44/100 loss=0.1933 (cls=0.0621 concept=1.0981 sparsity=0.2061 continuity=0.0159) train_acc=1.0000 val_loss=0.7492 (val_cls=0.6193 val_concept=1.0695 val_sparsity=0.2225 val_continuity=0.0158) val_acc=0.8643
[seed 1] epoch 45/100 loss=0.1908 (cls=0.0606 concept=1.0878 sparsity=0.2062 continuity=0.0159) train_acc=1.0000 val_loss=0.7448 (val_cls=0.6168 val_concept=1.0503 val_sparsity=0.2225 val_continuity=0.0158) val_acc=0.8687
[seed 1] epoch 46/100 loss=0.1884 (cls=0.0591 concept=1.0800 sparsity=0.2058 continuity=0.0159) train_acc=1.0000 val_loss=0.7473 (val_cls=0.6201 val_concept=1.0415 val_sparsity=0.2224 val_continuity=0.0158) val_acc=0.8654
[seed 1] epoch 47/100 loss=0.1868 (cls=0.0583 concept=1.0713 sparsity=0.2054 continuity=0.0159) train_acc=1.0000 val_loss=0.7510 (val_cls=0.6242 val_concept=1.0382 val_sparsity=0.2225 val_continuity=0.0158) val_acc=0.8632
[seed 1] epoch 48/100 loss=0.1844 (cls=0.0566 concept=1.0649 sparsity=0.2055 continuity=0.0159) train_acc=1.0000 val_loss=0.7595 (val_cls=0.6327 val_concept=1.0384 val_sparsity=0.2218 val_continuity=0.0158) val_acc=0.8610
[seed 1] epoch 49/100 loss=0.1830 (cls=0.0558 concept=1.0587 sparsity=0.2054 continuity=0.0159) train_acc=1.0000 val_loss=0.7545 (val_cls=0.6294 val_concept=1.0212 val_sparsity=0.2218 val_continuity=0.0158) val_acc=0.8654
[seed 1] epoch 50/100 loss=0.1811 (cls=0.0546 concept=1.0518 sparsity=0.2051 continuity=0.0159) train_acc=1.0000 val_loss=0.7555 (val_cls=0.6296 val_concept=1.0289 val_sparsity=0.2219 val_continuity=0.0158) val_acc=0.8665
[seed 1] epoch 51/100 loss=0.1796 (cls=0.0539 concept=1.0445 sparsity=0.2048 continuity=0.0159) train_acc=1.0000 val_loss=0.7508 (val_cls=0.6253 val_concept=1.0259 val_sparsity=0.2218 val_continuity=0.0158) val_acc=0.8699
[seed 1] epoch 52/100 loss=0.1774 (cls=0.0523 concept=1.0379 sparsity=0.2049 continuity=0.0159) train_acc=1.0000 val_loss=0.7501 (val_cls=0.6266 val_concept=1.0059 val_sparsity=0.2218 val_continuity=0.0158) val_acc=0.8621
[seed 1] epoch 53/100 loss=0.1765 (cls=0.0519 concept=1.0330 sparsity=0.2051 continuity=0.0159) train_acc=1.0000 val_loss=0.7294 (val_cls=0.6064 val_concept=1.0001 val_sparsity=0.2218 val_continuity=0.0158) val_acc=0.8587
[seed 1] epoch 54/100 loss=0.1750 (cls=0.0510 concept=1.0281 sparsity=0.2047 continuity=0.0159) train_acc=1.0000 val_loss=0.7410 (val_cls=0.6182 val_concept=0.9978 val_sparsity=0.2218 val_continuity=0.0158) val_acc=0.8687
[seed 1] epoch 55/100 loss=0.1728 (cls=0.0496 concept=1.0190 sparsity=0.2047 continuity=0.0159) train_acc=1.0000 val_loss=0.7421 (val_cls=0.6190 val_concept=1.0015 val_sparsity=0.2216 val_continuity=0.0158) val_acc=0.8643
[seed 1] epoch 56/100 loss=0.1717 (cls=0.0490 concept=1.0146 sparsity=0.2044 continuity=0.0159) train_acc=1.0000 val_loss=0.7371 (val_cls=0.6143 val_concept=0.9982 val_sparsity=0.2216 val_continuity=0.0158) val_acc=0.8665
[seed 1] epoch 57/100 loss=0.1706 (cls=0.0483 concept=1.0111 sparsity=0.2041 continuity=0.0159) train_acc=1.0000 val_loss=0.7390 (val_cls=0.6177 val_concept=0.9834 val_sparsity=0.2216 val_continuity=0.0158) val_acc=0.8665
[seed 1] epoch 58/100 loss=0.1689 (cls=0.0472 concept=1.0042 sparsity=0.2042 continuity=0.0159) train_acc=1.0000 val_loss=0.7451 (val_cls=0.6243 val_concept=0.9780 val_sparsity=0.2216 val_continuity=0.0158) val_acc=0.8654
[seed 1] epoch 59/100 loss=0.1681 (cls=0.0468 concept=1.0007 sparsity=0.2042 continuity=0.0159) train_acc=1.0000 val_loss=0.7478 (val_cls=0.6267 val_concept=0.9814 val_sparsity=0.2215 val_continuity=0.0158) val_acc=0.8621
[seed 1] epoch 60/100 loss=0.1675 (cls=0.0466 concept=0.9978 sparsity=0.2038 continuity=0.0159) train_acc=1.0000 val_loss=0.7513 (val_cls=0.6302 val_concept=0.9814 val_sparsity=0.2213 val_continuity=0.0158) val_acc=0.8610
[seed 1] epoch 61/100 loss=0.1665 (cls=0.0461 concept=0.9928 sparsity=0.2038 continuity=0.0159) train_acc=1.0000 val_loss=0.7440 (val_cls=0.6243 val_concept=0.9669 val_sparsity=0.2214 val_continuity=0.0158) val_acc=0.8598
[seed 1] epoch 62/100 loss=0.1652 (cls=0.0452 concept=0.9887 sparsity=0.2036 continuity=0.0159) train_acc=1.0000 val_loss=0.7397 (val_cls=0.6209 val_concept=0.9583 val_sparsity=0.2214 val_continuity=0.0158) val_acc=0.8665
[seed 1] epoch 63/100 loss=0.1647 (cls=0.0450 concept=0.9854 sparsity=0.2038 continuity=0.0159) train_acc=1.0000 val_loss=0.7482 (val_cls=0.6286 val_concept=0.9676 val_sparsity=0.2213 val_continuity=0.0158) val_acc=0.8699
[seed 1] epoch 64/100 loss=0.1636 (cls=0.0442 concept=0.9817 sparsity=0.2035 continuity=0.0159) train_acc=1.0000 val_loss=0.7428 (val_cls=0.6236 val_concept=0.9637 val_sparsity=0.2213 val_continuity=0.0158) val_acc=0.8621
[seed 1] epoch 65/100 loss=0.1625 (cls=0.0435 concept=0.9779 sparsity=0.2034 continuity=0.0159) train_acc=1.0000 val_loss=0.7439 (val_cls=0.6253 val_concept=0.9571 val_sparsity=0.2213 val_continuity=0.0158) val_acc=0.8643
[seed 1] epoch 66/100 loss=0.1616 (cls=0.0431 concept=0.9738 sparsity=0.2033 continuity=0.0159) train_acc=1.0000 val_loss=0.7489 (val_cls=0.6309 val_concept=0.9512 val_sparsity=0.2214 val_continuity=0.0158) val_acc=0.8621
[seed 1] epoch 67/100 loss=0.1610 (cls=0.0427 concept=0.9708 sparsity=0.2035 continuity=0.0159) train_acc=1.0000 val_loss=0.7450 (val_cls=0.6269 val_concept=0.9519 val_sparsity=0.2213 val_continuity=0.0158) val_acc=0.8676
[seed 1] epoch 68/100 loss=0.1602 (cls=0.0423 concept=0.9676 sparsity=0.2033 continuity=0.0159) train_acc=1.0000 val_loss=0.7480 (val_cls=0.6308 val_concept=0.9429 val_sparsity=0.2214 val_continuity=0.0158) val_acc=0.8676
[seed 1] epoch 69/100 loss=0.1595 (cls=0.0420 concept=0.9647 sparsity=0.2033 continuity=0.0159) train_acc=1.0000 val_loss=0.7435 (val_cls=0.6262 val_concept=0.9430 val_sparsity=0.2214 val_continuity=0.0158) val_acc=0.8610
[seed 1] epoch 70/100 loss=0.1589 (cls=0.0416 concept=0.9618 sparsity=0.2032 continuity=0.0159) train_acc=1.0000 val_loss=0.7434 (val_cls=0.6267 val_concept=0.9380 val_sparsity=0.2212 val_continuity=0.0158) val_acc=0.8643
[seed 1] epoch 71/100 loss=0.1582 (cls=0.0412 concept=0.9588 sparsity=0.2031 continuity=0.0159) train_acc=1.0000 val_loss=0.7440 (val_cls=0.6274 val_concept=0.9367 val_sparsity=0.2214 val_continuity=0.0158) val_acc=0.8643
[seed 1] epoch 72/100 loss=0.1575 (cls=0.0408 concept=0.9565 sparsity=0.2030 continuity=0.0159) train_acc=1.0000 val_loss=0.7459 (val_cls=0.6292 val_concept=0.9375 val_sparsity=0.2212 val_continuity=0.0158) val_acc=0.8621
[seed 1] epoch 73/100 loss=0.1571 (cls=0.0406 concept=0.9541 sparsity=0.2030 continuity=0.0159) train_acc=1.0000 val_loss=0.7468 (val_cls=0.6304 val_concept=0.9347 val_sparsity=0.2213 val_continuity=0.0158) val_acc=0.8621
[seed 1] epoch 74/100 loss=0.1567 (cls=0.0405 concept=0.9513 sparsity=0.2028 continuity=0.0159) train_acc=1.0000 val_loss=0.7459 (val_cls=0.6299 val_concept=0.9312 val_sparsity=0.2213 val_continuity=0.0158) val_acc=0.8654
[seed 1] epoch 75/100 loss=0.1558 (cls=0.0397 concept=0.9503 sparsity=0.2027 continuity=0.0159) train_acc=1.0000 val_loss=0.7458 (val_cls=0.6303 val_concept=0.9260 val_sparsity=0.2212 val_continuity=0.0158) val_acc=0.8654
[seed 1] epoch 76/100 loss=0.1552 (cls=0.0395 concept=0.9465 sparsity=0.2026 continuity=0.0159) train_acc=1.0000 val_loss=0.7438 (val_cls=0.6277 val_concept=0.9310 val_sparsity=0.2213 val_continuity=0.0158) val_acc=0.8665
[seed 1] epoch 77/100 loss=0.1552 (cls=0.0396 concept=0.9461 sparsity=0.2026 continuity=0.0159) train_acc=1.0000 val_loss=0.7495 (val_cls=0.6343 val_concept=0.9231 val_sparsity=0.2213 val_continuity=0.0158) val_acc=0.8654
[seed 1] epoch 78/100 loss=0.1546 (cls=0.0393 concept=0.9429 sparsity=0.2025 continuity=0.0159) train_acc=1.0000 val_loss=0.7497 (val_cls=0.6343 val_concept=0.9246 val_sparsity=0.2213 val_continuity=0.0158) val_acc=0.8665
[seed 1] epoch 79/100 loss=0.1541 (cls=0.0388 concept=0.9422 sparsity=0.2025 continuity=0.0159) train_acc=1.0000 val_loss=0.7456 (val_cls=0.6311 val_concept=0.9161 val_sparsity=0.2213 val_continuity=0.0158) val_acc=0.8676
[seed 1] epoch 80/100 loss=0.1538 (cls=0.0388 concept=0.9400 sparsity=0.2024 continuity=0.0159) train_acc=1.0000 val_loss=0.7485 (val_cls=0.6336 val_concept=0.9195 val_sparsity=0.2213 val_continuity=0.0158) val_acc=0.8676
[seed 1] epoch 81/100 loss=0.1536 (cls=0.0387 concept=0.9384 sparsity=0.2025 continuity=0.0159) train_acc=1.0000 val_loss=0.7533 (val_cls=0.6383 val_concept=0.9200 val_sparsity=0.2213 val_continuity=0.0158) val_acc=0.8621
[seed 1] epoch 82/100 loss=0.1532 (cls=0.0384 concept=0.9377 sparsity=0.2025 continuity=0.0159) train_acc=1.0000 val_loss=0.7474 (val_cls=0.6328 val_concept=0.9167 val_sparsity=0.2213 val_continuity=0.0158) val_acc=0.8643
[seed 1] epoch 83/100 loss=0.1527 (cls=0.0381 concept=0.9358 sparsity=0.2025 continuity=0.0159) train_acc=1.0000 val_loss=0.7499 (val_cls=0.6354 val_concept=0.9159 val_sparsity=0.2213 val_continuity=0.0158) val_acc=0.8632
[seed 1] epoch 84/100 loss=0.1527 (cls=0.0381 concept=0.9354 sparsity=0.2024 continuity=0.0159) train_acc=1.0000 val_loss=0.7522 (val_cls=0.6376 val_concept=0.9159 val_sparsity=0.2213 val_continuity=0.0158) val_acc=0.8632
[seed 1] epoch 85/100 loss=0.1524 (cls=0.0380 concept=0.9341 sparsity=0.2024 continuity=0.0159) train_acc=1.0000 val_loss=0.7468 (val_cls=0.6325 val_concept=0.9137 val_sparsity=0.2213 val_continuity=0.0158) val_acc=0.8654
[seed 1] epoch 86/100 loss=0.1520 (cls=0.0377 concept=0.9328 sparsity=0.2022 continuity=0.0159) train_acc=1.0000 val_loss=0.7506 (val_cls=0.6365 val_concept=0.9119 val_sparsity=0.2213 val_continuity=0.0158) val_acc=0.8610
[seed 1] epoch 87/100 loss=0.1517 (cls=0.0375 concept=0.9316 sparsity=0.2023 continuity=0.0159) train_acc=1.0000 val_loss=0.7509 (val_cls=0.6370 val_concept=0.9099 val_sparsity=0.2213 val_continuity=0.0158) val_acc=0.8643
[seed 1] epoch 88/100 loss=0.1514 (cls=0.0374 concept=0.9301 sparsity=0.2021 continuity=0.0159) train_acc=1.0000 val_loss=0.7529 (val_cls=0.6390 val_concept=0.9098 val_sparsity=0.2213 val_continuity=0.0158) val_acc=0.8632
[seed 1] epoch 89/100 loss=0.1514 (cls=0.0374 concept=0.9298 sparsity=0.2021 continuity=0.0159) train_acc=1.0000 val_loss=0.7507 (val_cls=0.6368 val_concept=0.9097 val_sparsity=0.2213 val_continuity=0.0158) val_acc=0.8643
[seed 1] epoch 90/100 loss=0.1511 (cls=0.0372 concept=0.9297 sparsity=0.2022 continuity=0.0159) train_acc=1.0000 val_loss=0.7520 (val_cls=0.6383 val_concept=0.9080 val_sparsity=0.2213 val_continuity=0.0158) val_acc=0.8632
[seed 1] epoch 91/100 loss=0.1510 (cls=0.0372 concept=0.9285 sparsity=0.2022 continuity=0.0159) train_acc=1.0000 val_loss=0.7528 (val_cls=0.6392 val_concept=0.9065 val_sparsity=0.2213 val_continuity=0.0158) val_acc=0.8621
[seed 1] epoch 92/100 loss=0.1511 (cls=0.0373 concept=0.9280 sparsity=0.2022 continuity=0.0159) train_acc=1.0000 val_loss=0.7520 (val_cls=0.6385 val_concept=0.9060 val_sparsity=0.2213 val_continuity=0.0158) val_acc=0.8621
[seed 1] epoch 93/100 loss=0.1508 (cls=0.0370 concept=0.9281 sparsity=0.2020 continuity=0.0159) train_acc=1.0000 val_loss=0.7520 (val_cls=0.6384 val_concept=0.9071 val_sparsity=0.2213 val_continuity=0.0158) val_acc=0.8598
[seed 1] epoch 94/100 loss=0.1507 (cls=0.0369 concept=0.9279 sparsity=0.2020 continuity=0.0159) train_acc=1.0000 val_loss=0.7520 (val_cls=0.6385 val_concept=0.9063 val_sparsity=0.2213 val_continuity=0.0158) val_acc=0.8610
[seed 1] epoch 95/100 loss=0.1506 (cls=0.0369 concept=0.9275 sparsity=0.2020 continuity=0.0159) train_acc=1.0000 val_loss=0.7516 (val_cls=0.6380 val_concept=0.9060 val_sparsity=0.2213 val_continuity=0.0158) val_acc=0.8621
[seed 1] epoch 96/100 loss=0.1506 (cls=0.0370 concept=0.9264 sparsity=0.2020 continuity=0.0159) train_acc=1.0000 val_loss=0.7520 (val_cls=0.6384 val_concept=0.9065 val_sparsity=0.2213 val_continuity=0.0158) val_acc=0.8643
[seed 1] epoch 97/100 loss=0.1505 (cls=0.0368 concept=0.9265 sparsity=0.2021 continuity=0.0159) train_acc=1.0000 val_loss=0.7517 (val_cls=0.6381 val_concept=0.9062 val_sparsity=0.2213 val_continuity=0.0158) val_acc=0.8632
[seed 1] epoch 98/100 loss=0.1505 (cls=0.0369 concept=0.9266 sparsity=0.2019 continuity=0.0159) train_acc=1.0000 val_loss=0.7513 (val_cls=0.6378 val_concept=0.9060 val_sparsity=0.2213 val_continuity=0.0158) val_acc=0.8610
[seed 1] epoch 99/100 loss=0.1504 (cls=0.0368 concept=0.9267 sparsity=0.2020 continuity=0.0159) train_acc=1.0000 val_loss=0.7515 (val_cls=0.6380 val_concept=0.9060 val_sparsity=0.2213 val_continuity=0.0158) val_acc=0.8610
[seed 1] epoch 100/100 loss=0.1505 (cls=0.0368 concept=0.9269 sparsity=0.2020 continuity=0.0159) train_acc=1.0000 val_loss=0.7515 (val_cls=0.6380 val_concept=0.9060 val_sparsity=0.2213 val_continuity=0.0158) val_acc=0.8610
[seed 1] test_acc=0.8605
[seed 1] saved -> outputs/checkpoints/visualclarity_seed1.pt
[seed 2] epoch 1/100 loss=5.3390 (cls=5.1235 concept=0.6549 sparsity=1.4930 continuity=0.0133) train_acc=0.0455 val_loss=4.9236 (val_cls=4.7830 val_concept=0.8114 val_sparsity=0.5876 val_continuity=0.0151) val_acc=0.1090
[seed 2] epoch 2/100 loss=4.4278 (cls=4.2762 concept=1.0361 sparsity=0.4718 continuity=0.0153) train_acc=0.2514 val_loss=4.0296 (val_cls=3.8652 val_concept=1.2355 val_sparsity=0.4010 val_continuity=0.0155) val_acc=0.3137
[seed 2] epoch 3/100 loss=3.5412 (cls=3.3672 concept=1.3726 sparsity=0.3603 continuity=0.0155) train_acc=0.4620 val_loss=3.2486 (val_cls=3.0685 val_concept=1.4571 val_sparsity=0.3360 val_continuity=0.0156) val_acc=0.4294
[seed 2] epoch 4/100 loss=2.8369 (cls=2.6459 concept=1.5893 sparsity=0.3132 continuity=0.0156) train_acc=0.5978 val_loss=2.6626 (val_cls=2.4659 val_concept=1.6554 val_sparsity=0.3042 val_continuity=0.0156) val_acc=0.5862
[seed 2] epoch 5/100 loss=2.3079 (cls=2.1068 concept=1.7161 sparsity=0.2867 continuity=0.0157) train_acc=0.7026 val_loss=2.2329 (val_cls=2.0314 val_concept=1.7215 val_sparsity=0.2848 val_continuity=0.0157) val_acc=0.6730
[seed 2] epoch 6/100 loss=1.9283 (cls=1.7229 concept=1.7762 sparsity=0.2698 continuity=0.0157) train_acc=0.7819 val_loss=1.9227 (val_cls=1.7144 val_concept=1.8018 val_sparsity=0.2728 val_continuity=0.0157) val_acc=0.7186
[seed 2] epoch 7/100 loss=1.6412 (cls=1.4341 concept=1.8046 sparsity=0.2585 continuity=0.0157) train_acc=0.8133 val_loss=1.7142 (val_cls=1.5080 val_concept=1.7896 val_sparsity=0.2649 val_continuity=0.0157) val_acc=0.7475
[seed 2] epoch 8/100 loss=1.4294 (cls=1.2226 concept=1.8095 sparsity=0.2505 continuity=0.0157) train_acc=0.8583 val_loss=1.5576 (val_cls=1.3495 val_concept=1.8137 val_sparsity=0.2597 val_continuity=0.0157) val_acc=0.7753
[seed 2] epoch 9/100 loss=1.2535 (cls=1.0480 concept=1.8026 sparsity=0.2446 continuity=0.0158) train_acc=0.8771 val_loss=1.3889 (val_cls=1.1826 val_concept=1.7999 val_sparsity=0.2553 val_continuity=0.0157) val_acc=0.7909
[seed 2] epoch 10/100 loss=1.1008 (cls=0.8980 concept=1.7803 sparsity=0.2401 continuity=0.0158) train_acc=0.8985 val_loss=1.2740 (val_cls=1.0718 val_concept=1.7619 val_sparsity=0.2518 val_continuity=0.0157) val_acc=0.8120
[seed 2] epoch 11/100 loss=0.9866 (cls=0.7867 concept=1.7546 sparsity=0.2367 continuity=0.0158) train_acc=0.9185 val_loss=1.1913 (val_cls=0.9944 val_concept=1.7120 val_sparsity=0.2495 val_continuity=0.0157) val_acc=0.8231
[seed 2] epoch 12/100 loss=0.8926 (cls=0.6947 concept=1.7373 sparsity=0.2342 continuity=0.0158) train_acc=0.9291 val_loss=1.1289 (val_cls=0.9341 val_concept=1.6930 val_sparsity=0.2473 val_continuity=0.0157) val_acc=0.8354
[seed 2] epoch 13/100 loss=0.7998 (cls=0.6053 concept=1.7054 sparsity=0.2317 continuity=0.0158) train_acc=0.9439 val_loss=1.0691 (val_cls=0.8780 val_concept=1.6569 val_sparsity=0.2458 val_continuity=0.0157) val_acc=0.8309
[seed 2] epoch 14/100 loss=0.7312 (cls=0.5398 concept=1.6766 sparsity=0.2300 continuity=0.0158) train_acc=0.9539 val_loss=1.0164 (val_cls=0.8275 val_concept=1.6363 val_sparsity=0.2445 val_continuity=0.0157) val_acc=0.8409
[seed 2] epoch 15/100 loss=0.6658 (cls=0.4771 concept=1.6507 sparsity=0.2284 continuity=0.0158) train_acc=0.9627 val_loss=0.9655 (val_cls=0.7802 val_concept=1.6013 val_sparsity=0.2436 val_continuity=0.0157) val_acc=0.8487
[seed 2] epoch 16/100 loss=0.6057 (cls=0.4206 concept=1.6162 sparsity=0.2273 continuity=0.0158) train_acc=0.9727 val_loss=0.9369 (val_cls=0.7562 val_concept=1.5569 val_sparsity=0.2425 val_continuity=0.0157) val_acc=0.8565
[seed 2] epoch 17/100 loss=0.5593 (cls=0.3769 concept=1.5908 sparsity=0.2259 continuity=0.0158) train_acc=0.9780 val_loss=0.9127 (val_cls=0.7328 val_concept=1.5498 val_sparsity=0.2418 val_continuity=0.0157) val_acc=0.8498
[seed 2] epoch 18/100 loss=0.5209 (cls=0.3408 concept=1.5681 sparsity=0.2250 continuity=0.0158) train_acc=0.9819 val_loss=0.8964 (val_cls=0.7176 val_concept=1.5399 val_sparsity=0.2409 val_continuity=0.0157) val_acc=0.8465
[seed 2] epoch 19/100 loss=0.4815 (cls=0.3036 concept=1.5465 sparsity=0.2238 continuity=0.0158) train_acc=0.9870 val_loss=0.8799 (val_cls=0.7047 val_concept=1.5046 val_sparsity=0.2399 val_continuity=0.0157) val_acc=0.8509
[seed 2] epoch 20/100 loss=0.4442 (cls=0.2696 concept=1.5150 sparsity=0.2231 continuity=0.0158) train_acc=0.9898 val_loss=0.8542 (val_cls=0.6832 val_concept=1.4625 val_sparsity=0.2393 val_continuity=0.0157) val_acc=0.8587
[seed 2] epoch 21/100 loss=0.4121 (cls=0.2401 concept=1.4894 sparsity=0.2223 continuity=0.0158) train_acc=0.9920 val_loss=0.8415 (val_cls=0.6744 val_concept=1.4246 val_sparsity=0.2392 val_continuity=0.0157) val_acc=0.8554
[seed 2] epoch 22/100 loss=0.3857 (cls=0.2167 concept=1.4605 sparsity=0.2215 continuity=0.0158) train_acc=0.9949 val_loss=0.8199 (val_cls=0.6531 val_concept=1.4221 val_sparsity=0.2380 val_continuity=0.0157) val_acc=0.8509
[seed 2] epoch 23/100 loss=0.3629 (cls=0.1962 concept=1.4373 sparsity=0.2210 continuity=0.0158) train_acc=0.9951 val_loss=0.8160 (val_cls=0.6523 val_concept=1.3913 val_sparsity=0.2382 val_continuity=0.0157) val_acc=0.8498
[seed 2] epoch 24/100 loss=0.3442 (cls=0.1798 concept=1.4158 sparsity=0.2203 continuity=0.0158) train_acc=0.9971 val_loss=0.8010 (val_cls=0.6403 val_concept=1.3620 val_sparsity=0.2375 val_continuity=0.0157) val_acc=0.8587
[seed 2] epoch 25/100 loss=0.3237 (cls=0.1621 concept=1.3895 sparsity=0.2196 continuity=0.0158) train_acc=0.9986 val_loss=0.7959 (val_cls=0.6376 val_concept=1.3374 val_sparsity=0.2373 val_continuity=0.0157) val_acc=0.8521
[seed 2] epoch 26/100 loss=0.3068 (cls=0.1475 concept=1.3656 sparsity=0.2195 continuity=0.0158) train_acc=0.9986 val_loss=0.7783 (val_cls=0.6230 val_concept=1.3085 val_sparsity=0.2372 val_continuity=0.0157) val_acc=0.8576
[seed 2] epoch 27/100 loss=0.2938 (cls=0.1366 concept=1.3451 sparsity=0.2189 continuity=0.0158) train_acc=0.9992 val_loss=0.7649 (val_cls=0.6117 val_concept=1.2875 val_sparsity=0.2368 val_continuity=0.0157) val_acc=0.8554
[seed 2] epoch 28/100 loss=0.2806 (cls=0.1257 concept=1.3228 sparsity=0.2185 continuity=0.0158) train_acc=0.9994 val_loss=0.7657 (val_cls=0.6151 val_concept=1.2624 val_sparsity=0.2363 val_continuity=0.0157) val_acc=0.8565
[seed 2] epoch 29/100 loss=0.2702 (cls=0.1177 concept=1.2993 sparsity=0.2181 continuity=0.0158) train_acc=0.9998 val_loss=0.7615 (val_cls=0.6128 val_concept=1.2422 val_sparsity=0.2365 val_continuity=0.0157) val_acc=0.8509
[seed 2] epoch 30/100 loss=0.2582 (cls=0.1074 concept=1.2819 sparsity=0.2175 continuity=0.0158) train_acc=1.0000 val_loss=0.7515 (val_cls=0.6044 val_concept=1.2274 val_sparsity=0.2359 val_continuity=0.0157) val_acc=0.8532
[seed 2] epoch 31/100 loss=0.2510 (cls=0.1022 concept=1.2633 sparsity=0.2173 continuity=0.0158) train_acc=1.0000 val_loss=0.7460 (val_cls=0.5995 val_concept=1.2226 val_sparsity=0.2350 val_continuity=0.0158) val_acc=0.8632
[seed 2] epoch 32/100 loss=0.2453 (cls=0.0980 concept=1.2482 sparsity=0.2171 continuity=0.0158) train_acc=1.0000 val_loss=0.7457 (val_cls=0.6011 val_concept=1.2022 val_sparsity=0.2352 val_continuity=0.0157) val_acc=0.8487
[seed 2] epoch 33/100 loss=0.2369 (cls=0.0916 concept=1.2289 sparsity=0.2164 continuity=0.0158) train_acc=1.0000 val_loss=0.7421 (val_cls=0.5999 val_concept=1.1787 val_sparsity=0.2353 val_continuity=0.0157) val_acc=0.8521
[seed 2] epoch 34/100 loss=0.2296 (cls=0.0859 concept=1.2128 sparsity=0.2164 continuity=0.0158) train_acc=1.0000 val_loss=0.7401 (val_cls=0.5994 val_concept=1.1642 val_sparsity=0.2348 val_continuity=0.0157) val_acc=0.8598
[seed 2] epoch 35/100 loss=0.2239 (cls=0.0820 concept=1.1960 sparsity=0.2159 continuity=0.0158) train_acc=1.0000 val_loss=0.7325 (val_cls=0.5936 val_concept=1.1464 val_sparsity=0.2348 val_continuity=0.0157) val_acc=0.8565
[seed 2] epoch 36/100 loss=0.2197 (cls=0.0792 concept=1.1811 sparsity=0.2156 continuity=0.0158) train_acc=1.0000 val_loss=0.7256 (val_cls=0.5876 val_concept=1.1374 val_sparsity=0.2346 val_continuity=0.0157) val_acc=0.8665
[seed 2] epoch 37/100 loss=0.2147 (cls=0.0755 concept=1.1684 sparsity=0.2156 continuity=0.0158) train_acc=1.0000 val_loss=0.7290 (val_cls=0.5923 val_concept=1.1246 val_sparsity=0.2345 val_continuity=0.0157) val_acc=0.8621
[seed 2] epoch 38/100 loss=0.2106 (cls=0.0728 concept=1.1553 sparsity=0.2153 continuity=0.0158) train_acc=1.0000 val_loss=0.7262 (val_cls=0.5911 val_concept=1.1079 val_sparsity=0.2345 val_continuity=0.0157) val_acc=0.8498
[seed 2] epoch 39/100 loss=0.2069 (cls=0.0701 concept=1.1452 sparsity=0.2150 continuity=0.0158) train_acc=1.0000 val_loss=0.7172 (val_cls=0.5829 val_concept=1.1005 val_sparsity=0.2345 val_continuity=0.0157) val_acc=0.8521
[seed 2] epoch 40/100 loss=0.2032 (cls=0.0677 concept=1.1327 sparsity=0.2148 continuity=0.0158) train_acc=1.0000 val_loss=0.7219 (val_cls=0.5870 val_concept=1.1072 val_sparsity=0.2341 val_continuity=0.0157) val_acc=0.8554
[seed 2] epoch 41/100 loss=0.2008 (cls=0.0664 concept=1.1223 sparsity=0.2146 continuity=0.0158) train_acc=1.0000 val_loss=0.7175 (val_cls=0.5865 val_concept=1.0686 val_sparsity=0.2340 val_continuity=0.0157) val_acc=0.8509
[seed 2] epoch 42/100 loss=0.1973 (cls=0.0637 concept=1.1132 sparsity=0.2146 continuity=0.0158) train_acc=1.0000 val_loss=0.7079 (val_cls=0.5775 val_concept=1.0631 val_sparsity=0.2333 val_continuity=0.0157) val_acc=0.8643
[seed 2] epoch 43/100 loss=0.1945 (cls=0.0621 concept=1.1022 sparsity=0.2142 continuity=0.0158) train_acc=1.0000 val_loss=0.7136 (val_cls=0.5828 val_concept=1.0663 val_sparsity=0.2337 val_continuity=0.0157) val_acc=0.8543
[seed 2] epoch 44/100 loss=0.1924 (cls=0.0609 concept=1.0932 sparsity=0.2140 continuity=0.0158) train_acc=1.0000 val_loss=0.7206 (val_cls=0.5901 val_concept=1.0631 val_sparsity=0.2332 val_continuity=0.0157) val_acc=0.8610
[seed 2] epoch 45/100 loss=0.1900 (cls=0.0592 concept=1.0862 sparsity=0.2139 continuity=0.0158) train_acc=1.0000 val_loss=0.7109 (val_cls=0.5813 val_concept=1.0548 val_sparsity=0.2332 val_continuity=0.0157) val_acc=0.8610
[seed 2] epoch 46/100 loss=0.1873 (cls=0.0575 concept=1.0775 sparsity=0.2135 continuity=0.0158) train_acc=1.0000 val_loss=0.7117 (val_cls=0.5841 val_concept=1.0348 val_sparsity=0.2330 val_continuity=0.0157) val_acc=0.8621
[seed 2] epoch 47/100 loss=0.1853 (cls=0.0563 concept=1.0678 sparsity=0.2136 continuity=0.0158) train_acc=1.0000 val_loss=0.7028 (val_cls=0.5757 val_concept=1.0305 val_sparsity=0.2328 val_continuity=0.0157) val_acc=0.8565
[seed 2] epoch 48/100 loss=0.1829 (cls=0.0548 concept=1.0605 sparsity=0.2133 continuity=0.0158) train_acc=1.0000 val_loss=0.7075 (val_cls=0.5819 val_concept=1.0151 val_sparsity=0.2328 val_continuity=0.0157) val_acc=0.8610
[seed 2] epoch 49/100 loss=0.1818 (cls=0.0542 concept=1.0554 sparsity=0.2132 continuity=0.0158) train_acc=1.0000 val_loss=0.7043 (val_cls=0.5780 val_concept=1.0221 val_sparsity=0.2328 val_continuity=0.0157) val_acc=0.8532
[seed 2] epoch 50/100 loss=0.1796 (cls=0.0527 concept=1.0484 sparsity=0.2132 continuity=0.0158) train_acc=1.0000 val_loss=0.7030 (val_cls=0.5779 val_concept=1.0101 val_sparsity=0.2327 val_continuity=0.0157) val_acc=0.8521
[seed 2] epoch 51/100 loss=0.1781 (cls=0.0519 concept=1.0418 sparsity=0.2129 continuity=0.0158) train_acc=1.0000 val_loss=0.7049 (val_cls=0.5801 val_concept=1.0078 val_sparsity=0.2326 val_continuity=0.0157) val_acc=0.8509
[seed 2] epoch 52/100 loss=0.1763 (cls=0.0508 concept=1.0350 sparsity=0.2128 continuity=0.0158) train_acc=1.0000 val_loss=0.7069 (val_cls=0.5820 val_concept=1.0093 val_sparsity=0.2325 val_continuity=0.0157) val_acc=0.8565
[seed 2] epoch 53/100 loss=0.1747 (cls=0.0497 concept=1.0291 sparsity=0.2126 continuity=0.0158) train_acc=1.0000 val_loss=0.7029 (val_cls=0.5792 val_concept=0.9971 val_sparsity=0.2323 val_continuity=0.0157) val_acc=0.8521
[seed 2] epoch 54/100 loss=0.1735 (cls=0.0491 concept=1.0235 sparsity=0.2125 continuity=0.0158) train_acc=1.0000 val_loss=0.7041 (val_cls=0.5806 val_concept=0.9942 val_sparsity=0.2326 val_continuity=0.0157) val_acc=0.8543
[seed 2] epoch 55/100 loss=0.1720 (cls=0.0482 concept=1.0174 sparsity=0.2125 continuity=0.0158) train_acc=1.0000 val_loss=0.7022 (val_cls=0.5796 val_concept=0.9864 val_sparsity=0.2321 val_continuity=0.0157) val_acc=0.8576
[seed 2] epoch 56/100 loss=0.1711 (cls=0.0478 concept=1.0131 sparsity=0.2123 continuity=0.0158) train_acc=1.0000 val_loss=0.6989 (val_cls=0.5762 val_concept=0.9870 val_sparsity=0.2323 val_continuity=0.0157) val_acc=0.8587
[seed 2] epoch 57/100 loss=0.1698 (cls=0.0470 concept=1.0082 sparsity=0.2121 continuity=0.0158) train_acc=1.0000 val_loss=0.6949 (val_cls=0.5736 val_concept=0.9725 val_sparsity=0.2323 val_continuity=0.0157) val_acc=0.8565
[seed 2] epoch 58/100 loss=0.1690 (cls=0.0465 concept=1.0043 sparsity=0.2122 continuity=0.0158) train_acc=1.0000 val_loss=0.6992 (val_cls=0.5782 val_concept=0.9702 val_sparsity=0.2322 val_continuity=0.0157) val_acc=0.8554
[seed 2] epoch 59/100 loss=0.1674 (cls=0.0455 concept=0.9993 sparsity=0.2123 continuity=0.0158) train_acc=1.0000 val_loss=0.6966 (val_cls=0.5759 val_concept=0.9671 val_sparsity=0.2322 val_continuity=0.0157) val_acc=0.8576
[seed 2] epoch 60/100 loss=0.1664 (cls=0.0450 concept=0.9940 sparsity=0.2117 continuity=0.0158) train_acc=1.0000 val_loss=0.6967 (val_cls=0.5764 val_concept=0.9622 val_sparsity=0.2321 val_continuity=0.0157) val_acc=0.8576
[seed 2] epoch 61/100 loss=0.1653 (cls=0.0443 concept=0.9904 sparsity=0.2118 continuity=0.0158) train_acc=1.0000 val_loss=0.6962 (val_cls=0.5760 val_concept=0.9623 val_sparsity=0.2321 val_continuity=0.0157) val_acc=0.8576
[seed 2] epoch 62/100 loss=0.1650 (cls=0.0443 concept=0.9870 sparsity=0.2116 continuity=0.0158) train_acc=1.0000 val_loss=0.6912 (val_cls=0.5703 val_concept=0.9695 val_sparsity=0.2319 val_continuity=0.0157) val_acc=0.8576
[seed 2] epoch 63/100 loss=0.1635 (cls=0.0432 concept=0.9832 sparsity=0.2113 continuity=0.0158) train_acc=1.0000 val_loss=0.7040 (val_cls=0.5852 val_concept=0.9481 val_sparsity=0.2320 val_continuity=0.0157) val_acc=0.8532
[seed 2] epoch 64/100 loss=0.1633 (cls=0.0434 concept=0.9792 sparsity=0.2114 continuity=0.0158) train_acc=1.0000 val_loss=0.6992 (val_cls=0.5797 val_concept=0.9545 val_sparsity=0.2319 val_continuity=0.0157) val_acc=0.8565
[seed 2] epoch 65/100 loss=0.1620 (cls=0.0425 concept=0.9754 sparsity=0.2113 continuity=0.0158) train_acc=1.0000 val_loss=0.6951 (val_cls=0.5764 val_concept=0.9471 val_sparsity=0.2320 val_continuity=0.0157) val_acc=0.8565
[seed 2] epoch 66/100 loss=0.1612 (cls=0.0421 concept=0.9725 sparsity=0.2112 continuity=0.0158) train_acc=1.0000 val_loss=0.6990 (val_cls=0.5805 val_concept=0.9449 val_sparsity=0.2320 val_continuity=0.0157) val_acc=0.8554
[seed 2] epoch 67/100 loss=0.1605 (cls=0.0417 concept=0.9692 sparsity=0.2111 continuity=0.0158) train_acc=1.0000 val_loss=0.6975 (val_cls=0.5799 val_concept=0.9362 val_sparsity=0.2320 val_continuity=0.0157) val_acc=0.8543
[seed 2] epoch 68/100 loss=0.1599 (cls=0.0414 concept=0.9665 sparsity=0.2109 continuity=0.0158) train_acc=1.0000 val_loss=0.6959 (val_cls=0.5778 val_concept=0.9406 val_sparsity=0.2320 val_continuity=0.0157) val_acc=0.8532
[seed 2] epoch 69/100 loss=0.1589 (cls=0.0408 concept=0.9622 sparsity=0.2110 continuity=0.0158) train_acc=1.0000 val_loss=0.6936 (val_cls=0.5764 val_concept=0.9318 val_sparsity=0.2320 val_continuity=0.0157) val_acc=0.8565
[seed 2] epoch 70/100 loss=0.1584 (cls=0.0405 concept=0.9609 sparsity=0.2108 continuity=0.0158) train_acc=1.0000 val_loss=0.6979 (val_cls=0.5812 val_concept=0.9272 val_sparsity=0.2320 val_continuity=0.0157) val_acc=0.8632
[seed 2] epoch 71/100 loss=0.1579 (cls=0.0402 concept=0.9580 sparsity=0.2107 continuity=0.0158) train_acc=1.0000 val_loss=0.7007 (val_cls=0.5840 val_concept=0.9277 val_sparsity=0.2320 val_continuity=0.0157) val_acc=0.8598
[seed 2] epoch 72/100 loss=0.1572 (cls=0.0398 concept=0.9549 sparsity=0.2107 continuity=0.0158) train_acc=1.0000 val_loss=0.6980 (val_cls=0.5811 val_concept=0.9293 val_sparsity=0.2320 val_continuity=0.0157) val_acc=0.8598
[seed 2] epoch 73/100 loss=0.1568 (cls=0.0396 concept=0.9533 sparsity=0.2106 continuity=0.0158) train_acc=1.0000 val_loss=0.6982 (val_cls=0.5819 val_concept=0.9228 val_sparsity=0.2319 val_continuity=0.0157) val_acc=0.8565
[seed 2] epoch 74/100 loss=0.1563 (cls=0.0394 concept=0.9506 sparsity=0.2106 continuity=0.0158) train_acc=1.0000 val_loss=0.6989 (val_cls=0.5830 val_concept=0.9195 val_sparsity=0.2321 val_continuity=0.0157) val_acc=0.8565
[seed 2] epoch 75/100 loss=0.1558 (cls=0.0392 concept=0.9480 sparsity=0.2104 continuity=0.0158) train_acc=1.0000 val_loss=0.6990 (val_cls=0.5830 val_concept=0.9199 val_sparsity=0.2321 val_continuity=0.0157) val_acc=0.8576
[seed 2] epoch 76/100 loss=0.1552 (cls=0.0388 concept=0.9457 sparsity=0.2103 continuity=0.0158) train_acc=1.0000 val_loss=0.6977 (val_cls=0.5818 val_concept=0.9189 val_sparsity=0.2320 val_continuity=0.0157) val_acc=0.8521
[seed 2] epoch 77/100 loss=0.1550 (cls=0.0387 concept=0.9450 sparsity=0.2104 continuity=0.0158) train_acc=1.0000 val_loss=0.6987 (val_cls=0.5828 val_concept=0.9195 val_sparsity=0.2320 val_continuity=0.0157) val_acc=0.8587
[seed 2] epoch 78/100 loss=0.1544 (cls=0.0383 concept=0.9426 sparsity=0.2102 continuity=0.0158) train_acc=1.0000 val_loss=0.7006 (val_cls=0.5850 val_concept=0.9156 val_sparsity=0.2321 val_continuity=0.0157) val_acc=0.8610
[seed 2] epoch 79/100 loss=0.1542 (cls=0.0382 concept=0.9417 sparsity=0.2102 continuity=0.0158) train_acc=1.0000 val_loss=0.6978 (val_cls=0.5819 val_concept=0.9190 val_sparsity=0.2320 val_continuity=0.0157) val_acc=0.8621
[seed 2] epoch 80/100 loss=0.1536 (cls=0.0380 concept=0.9380 sparsity=0.2101 continuity=0.0158) train_acc=1.0000 val_loss=0.6967 (val_cls=0.5810 val_concept=0.9174 val_sparsity=0.2321 val_continuity=0.0157) val_acc=0.8610
[seed 2] epoch 81/100 loss=0.1534 (cls=0.0378 concept=0.9380 sparsity=0.2101 continuity=0.0158) train_acc=1.0000 val_loss=0.6983 (val_cls=0.5831 val_concept=0.9125 val_sparsity=0.2320 val_continuity=0.0157) val_acc=0.8587
[seed 2] epoch 82/100 loss=0.1530 (cls=0.0375 concept=0.9368 sparsity=0.2100 continuity=0.0158) train_acc=1.0000 val_loss=0.6994 (val_cls=0.5843 val_concept=0.9109 val_sparsity=0.2321 val_continuity=0.0157) val_acc=0.8610
[seed 2] epoch 83/100 loss=0.1527 (cls=0.0373 concept=0.9353 sparsity=0.2100 continuity=0.0158) train_acc=1.0000 val_loss=0.7003 (val_cls=0.5852 val_concept=0.9110 val_sparsity=0.2321 val_continuity=0.0157) val_acc=0.8587
[seed 2] epoch 84/100 loss=0.1525 (cls=0.0374 concept=0.9337 sparsity=0.2099 continuity=0.0158) train_acc=1.0000 val_loss=0.6990 (val_cls=0.5841 val_concept=0.9092 val_sparsity=0.2321 val_continuity=0.0157) val_acc=0.8610
[seed 2] epoch 85/100 loss=0.1522 (cls=0.0371 concept=0.9330 sparsity=0.2099 continuity=0.0158) train_acc=1.0000 val_loss=0.7013 (val_cls=0.5867 val_concept=0.9058 val_sparsity=0.2321 val_continuity=0.0157) val_acc=0.8632
[seed 2] epoch 86/100 loss=0.1518 (cls=0.0369 concept=0.9320 sparsity=0.2099 continuity=0.0158) train_acc=1.0000 val_loss=0.7037 (val_cls=0.5892 val_concept=0.9047 val_sparsity=0.2321 val_continuity=0.0157) val_acc=0.8621
[seed 2] epoch 87/100 loss=0.1517 (cls=0.0369 concept=0.9306 sparsity=0.2098 continuity=0.0158) train_acc=1.0000 val_loss=0.7021 (val_cls=0.5876 val_concept=0.9043 val_sparsity=0.2321 val_continuity=0.0157) val_acc=0.8587
[seed 2] epoch 88/100 loss=0.1515 (cls=0.0367 concept=0.9299 sparsity=0.2098 continuity=0.0158) train_acc=1.0000 val_loss=0.7011 (val_cls=0.5870 val_concept=0.9009 val_sparsity=0.2321 val_continuity=0.0157) val_acc=0.8610
[seed 2] epoch 89/100 loss=0.1513 (cls=0.0366 concept=0.9291 sparsity=0.2096 continuity=0.0158) train_acc=1.0000 val_loss=0.7013 (val_cls=0.5868 val_concept=0.9046 val_sparsity=0.2321 val_continuity=0.0157) val_acc=0.8632
[seed 2] epoch 90/100 loss=0.1512 (cls=0.0365 concept=0.9288 sparsity=0.2098 continuity=0.0158) train_acc=1.0000 val_loss=0.7024 (val_cls=0.5883 val_concept=0.9017 val_sparsity=0.2321 val_continuity=0.0157) val_acc=0.8610
[seed 2] epoch 91/100 loss=0.1508 (cls=0.0363 concept=0.9277 sparsity=0.2096 continuity=0.0158) train_acc=1.0000 val_loss=0.7016 (val_cls=0.5873 val_concept=0.9024 val_sparsity=0.2321 val_continuity=0.0157) val_acc=0.8587
[seed 2] epoch 92/100 loss=0.1508 (cls=0.0363 concept=0.9275 sparsity=0.2098 continuity=0.0158) train_acc=1.0000 val_loss=0.7019 (val_cls=0.5878 val_concept=0.9014 val_sparsity=0.2321 val_continuity=0.0157) val_acc=0.8643
[seed 2] epoch 93/100 loss=0.1506 (cls=0.0362 concept=0.9266 sparsity=0.2096 continuity=0.0158) train_acc=1.0000 val_loss=0.7016 (val_cls=0.5875 val_concept=0.9012 val_sparsity=0.2321 val_continuity=0.0157) val_acc=0.8632
[seed 2] epoch 94/100 loss=0.1508 (cls=0.0363 concept=0.9273 sparsity=0.2096 continuity=0.0158) train_acc=1.0000 val_loss=0.7016 (val_cls=0.5875 val_concept=0.9011 val_sparsity=0.2321 val_continuity=0.0157) val_acc=0.8621
[seed 2] epoch 95/100 loss=0.1503 (cls=0.0360 concept=0.9259 sparsity=0.2095 continuity=0.0158) train_acc=1.0000 val_loss=0.7021 (val_cls=0.5882 val_concept=0.8995 val_sparsity=0.2321 val_continuity=0.0157) val_acc=0.8621
[seed 2] epoch 96/100 loss=0.1505 (cls=0.0361 concept=0.9263 sparsity=0.2096 continuity=0.0158) train_acc=1.0000 val_loss=0.7022 (val_cls=0.5882 val_concept=0.8995 val_sparsity=0.2321 val_continuity=0.0157) val_acc=0.8632
[seed 2] epoch 97/100 loss=0.1505 (cls=0.0362 concept=0.9256 sparsity=0.2096 continuity=0.0158) train_acc=1.0000 val_loss=0.7019 (val_cls=0.5879 val_concept=0.9003 val_sparsity=0.2321 val_continuity=0.0157) val_acc=0.8621
[seed 2] epoch 98/100 loss=0.1504 (cls=0.0360 concept=0.9266 sparsity=0.2096 continuity=0.0158) train_acc=1.0000 val_loss=0.7021 (val_cls=0.5881 val_concept=0.8998 val_sparsity=0.2321 val_continuity=0.0157) val_acc=0.8621
[seed 2] epoch 99/100 loss=0.1503 (cls=0.0360 concept=0.9257 sparsity=0.2095 continuity=0.0158) train_acc=1.0000 val_loss=0.7021 (val_cls=0.5882 val_concept=0.8997 val_sparsity=0.2321 val_continuity=0.0157) val_acc=0.8621
[seed 2] epoch 100/100 loss=0.1504 (cls=0.0360 concept=0.9261 sparsity=0.2095 continuity=0.0158) train_acc=1.0000 val_loss=0.7021 (val_cls=0.5882 val_concept=0.8997 val_sparsity=0.2321 val_continuity=0.0157) val_acc=0.8621
[seed 2] test_acc=0.8624
[seed 2] saved -> outputs/checkpoints/visualclarity_seed2.pt
[seed 3] epoch 1/100 loss=5.3653 (cls=5.1502 concept=0.6438 sparsity=1.5007 continuity=0.0134) train_acc=0.0520 val_loss=4.9799 (val_cls=4.8422 val_concept=0.7810 val_sparsity=0.5889 val_continuity=0.0152) val_acc=0.1179
[seed 3] epoch 2/100 loss=4.4838 (cls=4.3347 concept=1.0157 sparsity=0.4676 continuity=0.0154) train_acc=0.2300 val_loss=4.0863 (val_cls=3.9258 val_concept=1.2005 val_sparsity=0.3959 val_continuity=0.0155) val_acc=0.2792
[seed 3] epoch 3/100 loss=3.5947 (cls=3.4215 concept=1.3746 sparsity=0.3502 continuity=0.0156) train_acc=0.4210 val_loss=3.3088 (val_cls=3.1261 val_concept=1.4905 val_sparsity=0.3283 val_continuity=0.0156) val_acc=0.4049
[seed 3] epoch 4/100 loss=2.8955 (cls=2.7057 concept=1.5882 sparsity=0.3021 continuity=0.0156) train_acc=0.5706 val_loss=2.7512 (val_cls=2.5573 val_concept=1.6375 val_sparsity=0.2938 val_continuity=0.0156) val_acc=0.5261
[seed 3] epoch 5/100 loss=2.3801 (cls=2.1804 concept=1.7133 sparsity=0.2759 continuity=0.0157) train_acc=0.6726 val_loss=2.3123 (val_cls=2.1112 val_concept=1.7299 val_sparsity=0.2743 val_continuity=0.0156) val_acc=0.6396
[seed 3] epoch 6/100 loss=2.0001 (cls=1.7955 concept=1.7787 sparsity=0.2593 continuity=0.0157) train_acc=0.7588 val_loss=2.0106 (val_cls=1.8074 val_concept=1.7614 val_sparsity=0.2627 val_continuity=0.0157) val_acc=0.6952
[seed 3] epoch 7/100 loss=1.7097 (cls=1.5036 concept=1.8053 sparsity=0.2485 continuity=0.0157) train_acc=0.8124 val_loss=1.8005 (val_cls=1.5938 val_concept=1.8035 val_sparsity=0.2552 val_continuity=0.0157) val_acc=0.7341
[seed 3] epoch 8/100 loss=1.4887 (cls=1.2816 concept=1.8223 sparsity=0.2410 continuity=0.0157) train_acc=0.8430 val_loss=1.6161 (val_cls=1.4132 val_concept=1.7708 val_sparsity=0.2500 val_continuity=0.0157) val_acc=0.7731
[seed 3] epoch 9/100 loss=1.3122 (cls=1.1068 concept=1.8099 sparsity=0.2354 continuity=0.0157) train_acc=0.8677 val_loss=1.4536 (val_cls=1.2519 val_concept=1.7622 val_sparsity=0.2467 val_continuity=0.0157) val_acc=0.7853
[seed 3] epoch 10/100 loss=1.1622 (cls=0.9583 concept=1.7994 sparsity=0.2311 continuity=0.0157) train_acc=0.8944 val_loss=1.3613 (val_cls=1.1624 val_concept=1.7362 val_sparsity=0.2445 val_continuity=0.0157) val_acc=0.7976
[seed 3] epoch 11/100 loss=1.0366 (cls=0.8347 concept=1.7825 sparsity=0.2278 continuity=0.0157) train_acc=0.9201 val_loss=1.2521 (val_cls=1.0534 val_concept=1.7367 val_sparsity=0.2425 val_continuity=0.0157) val_acc=0.8231
[seed 3] epoch 12/100 loss=0.9299 (cls=0.7311 concept=1.7554 sparsity=0.2254 continuity=0.0157) train_acc=0.9311 val_loss=1.2028 (val_cls=1.0101 val_concept=1.6782 val_sparsity=0.2408 val_continuity=0.0157) val_acc=0.8187
[seed 3] epoch 13/100 loss=0.8359 (cls=0.6395 concept=1.7333 sparsity=0.2227 continuity=0.0157) train_acc=0.9478 val_loss=1.1360 (val_cls=0.9446 val_concept=1.6661 val_sparsity=0.2394 val_continuity=0.0157) val_acc=0.8198
[seed 3] epoch 14/100 loss=0.7580 (cls=0.5642 concept=1.7090 sparsity=0.2213 continuity=0.0157) train_acc=0.9556 val_loss=1.0882 (val_cls=0.8968 val_concept=1.6683 val_sparsity=0.2382 val_continuity=0.0157) val_acc=0.8287
[seed 3] epoch 15/100 loss=0.6931 (cls=0.5021 concept=1.6826 sparsity=0.2194 continuity=0.0157) train_acc=0.9623 val_loss=1.0397 (val_cls=0.8549 val_concept=1.6034 val_sparsity=0.2371 val_continuity=0.0157) val_acc=0.8343
[seed 3] epoch 16/100 loss=0.6374 (cls=0.4496 concept=1.6521 sparsity=0.2177 continuity=0.0157) train_acc=0.9690 val_loss=1.0137 (val_cls=0.8303 val_concept=1.5893 val_sparsity=0.2364 val_continuity=0.0157) val_acc=0.8420
[seed 3] epoch 17/100 loss=0.5842 (cls=0.3989 concept=1.6277 sparsity=0.2168 continuity=0.0157) train_acc=0.9788 val_loss=0.9757 (val_cls=0.7972 val_concept=1.5416 val_sparsity=0.2356 val_continuity=0.0157) val_acc=0.8432
[seed 3] epoch 18/100 loss=0.5358 (cls=0.3535 concept=1.5991 sparsity=0.2158 continuity=0.0157) train_acc=0.9810 val_loss=0.9423 (val_cls=0.7653 val_concept=1.5269 val_sparsity=0.2345 val_continuity=0.0157) val_acc=0.8687
[seed 3] epoch 19/100 loss=0.4975 (cls=0.3177 concept=1.5755 sparsity=0.2147 continuity=0.0157) train_acc=0.9867 val_loss=0.9013 (val_cls=0.7254 val_concept=1.5179 val_sparsity=0.2338 val_continuity=0.0157) val_acc=0.8654
[seed 3] epoch 20/100 loss=0.4579 (cls=0.2810 concept=1.5469 sparsity=0.2139 continuity=0.0157) train_acc=0.9894 val_loss=0.8917 (val_cls=0.7178 val_concept=1.4983 val_sparsity=0.2330 val_continuity=0.0157) val_acc=0.8521
[seed 3] epoch 21/100 loss=0.4274 (cls=0.2535 concept=1.5184 sparsity=0.2130 continuity=0.0157) train_acc=0.9931 val_loss=0.8779 (val_cls=0.7047 val_concept=1.4915 val_sparsity=0.2323 val_continuity=0.0157) val_acc=0.8576
[seed 3] epoch 22/100 loss=0.3999 (cls=0.2284 concept=1.4956 sparsity=0.2124 continuity=0.0157) train_acc=0.9945 val_loss=0.8704 (val_cls=0.7015 val_concept=1.4496 val_sparsity=0.2316 val_continuity=0.0157) val_acc=0.8610
[seed 3] epoch 23/100 loss=0.3774 (cls=0.2084 concept=1.4704 sparsity=0.2117 continuity=0.0157) train_acc=0.9945 val_loss=0.8494 (val_cls=0.6838 val_concept=1.4176 val_sparsity=0.2313 val_continuity=0.0157) val_acc=0.8543
[seed 3] epoch 24/100 loss=0.3555 (cls=0.1891 concept=1.4441 sparsity=0.2115 continuity=0.0157) train_acc=0.9978 val_loss=0.8442 (val_cls=0.6821 val_concept=1.3821 val_sparsity=0.2306 val_continuity=0.0157) val_acc=0.8509
[seed 3] epoch 25/100 loss=0.3336 (cls=0.1694 concept=1.4233 sparsity=0.2105 continuity=0.0157) train_acc=0.9984 val_loss=0.8181 (val_cls=0.6575 val_concept=1.3681 val_sparsity=0.2301 val_continuity=0.0157) val_acc=0.8699
[seed 3] epoch 26/100 loss=0.3183 (cls=0.1568 concept=1.3971 sparsity=0.2103 continuity=0.0157) train_acc=0.9992 val_loss=0.8152 (val_cls=0.6580 val_concept=1.3340 val_sparsity=0.2300 val_continuity=0.0157) val_acc=0.8776
[seed 3] epoch 27/100 loss=0.3017 (cls=0.1427 concept=1.3721 sparsity=0.2097 continuity=0.0157) train_acc=0.9992 val_loss=0.8192 (val_cls=0.6656 val_concept=1.2986 val_sparsity=0.2294 val_continuity=0.0157) val_acc=0.8610
[seed 3] epoch 28/100 loss=0.2910 (cls=0.1340 concept=1.3524 sparsity=0.2093 continuity=0.0157) train_acc=0.9996 val_loss=0.8012 (val_cls=0.6470 val_concept=1.3052 val_sparsity=0.2295 val_continuity=0.0157) val_acc=0.8610
[seed 3] epoch 29/100 loss=0.2823 (cls=0.1270 concept=1.3362 sparsity=0.2088 continuity=0.0157) train_acc=0.9996 val_loss=0.7877 (val_cls=0.6369 val_concept=1.2712 val_sparsity=0.2287 val_continuity=0.0157) val_acc=0.8587
[seed 3] epoch 30/100 loss=0.2677 (cls=0.1147 concept=1.3133 sparsity=0.2087 continuity=0.0157) train_acc=0.9998 val_loss=0.7729 (val_cls=0.6250 val_concept=1.2429 val_sparsity=0.2286 val_continuity=0.0157) val_acc=0.8743
[seed 3] epoch 31/100 loss=0.2587 (cls=0.1080 concept=1.2904 sparsity=0.2085 continuity=0.0157) train_acc=0.9998 val_loss=0.7820 (val_cls=0.6354 val_concept=1.2303 val_sparsity=0.2281 val_continuity=0.0157) val_acc=0.8721
[seed 3] epoch 32/100 loss=0.2512 (cls=0.1023 concept=1.2729 sparsity=0.2080 continuity=0.0157) train_acc=0.9998 val_loss=0.7775 (val_cls=0.6320 val_concept=1.2195 val_sparsity=0.2276 val_continuity=0.0157) val_acc=0.8598
[seed 3] epoch 33/100 loss=0.2439 (cls=0.0970 concept=1.2537 sparsity=0.2077 continuity=0.0157) train_acc=1.0000 val_loss=0.7707 (val_cls=0.6259 val_concept=1.2124 val_sparsity=0.2275 val_continuity=0.0157) val_acc=0.8710
[seed 3] epoch 34/100 loss=0.2365 (cls=0.0911 concept=1.2387 sparsity=0.2076 continuity=0.0157) train_acc=1.0000 val_loss=0.7649 (val_cls=0.6225 val_concept=1.1895 val_sparsity=0.2269 val_continuity=0.0157) val_acc=0.8676
[seed 3] epoch 35/100 loss=0.2309 (cls=0.0872 concept=1.2222 sparsity=0.2071 continuity=0.0157) train_acc=1.0000 val_loss=0.7768 (val_cls=0.6349 val_concept=1.1846 val_sparsity=0.2271 val_continuity=0.0157) val_acc=0.8699
[seed 3] epoch 36/100 loss=0.2252 (cls=0.0826 concept=1.2108 sparsity=0.2069 continuity=0.0157) train_acc=1.0000 val_loss=0.7700 (val_cls=0.6301 val_concept=1.1639 val_sparsity=0.2272 val_continuity=0.0157) val_acc=0.8710
[seed 3] epoch 37/100 loss=0.2207 (cls=0.0800 concept=1.1927 sparsity=0.2067 continuity=0.0157) train_acc=1.0000 val_loss=0.7538 (val_cls=0.6160 val_concept=1.1439 val_sparsity=0.2269 val_continuity=0.0157) val_acc=0.8732
[seed 3] epoch 38/100 loss=0.2154 (cls=0.0762 concept=1.1787 sparsity=0.2064 continuity=0.0157) train_acc=1.0000 val_loss=0.7525 (val_cls=0.6152 val_concept=1.1379 val_sparsity=0.2269 val_continuity=0.0157) val_acc=0.8676
[seed 3] epoch 39/100 loss=0.2119 (cls=0.0739 concept=1.1666 sparsity=0.2061 continuity=0.0157) train_acc=1.0000 val_loss=0.7571 (val_cls=0.6199 val_concept=1.1370 val_sparsity=0.2269 val_continuity=0.0157) val_acc=0.8576
[seed 3] epoch 40/100 loss=0.2084 (cls=0.0713 concept=1.1565 sparsity=0.2059 continuity=0.0157) train_acc=1.0000 val_loss=0.7483 (val_cls=0.6135 val_concept=1.1132 val_sparsity=0.2267 val_continuity=0.0157) val_acc=0.8654
[seed 3] epoch 41/100 loss=0.2049 (cls=0.0690 concept=1.1453 sparsity=0.2058 continuity=0.0157) train_acc=1.0000 val_loss=0.7416 (val_cls=0.6082 val_concept=1.0999 val_sparsity=0.2266 val_continuity=0.0157) val_acc=0.8676
[seed 3] epoch 42/100 loss=0.2014 (cls=0.0668 concept=1.1330 sparsity=0.2056 continuity=0.0157) train_acc=1.0000 val_loss=0.7486 (val_cls=0.6158 val_concept=1.0947 val_sparsity=0.2261 val_continuity=0.0157) val_acc=0.8665
[seed 3] epoch 43/100 loss=0.1990 (cls=0.0652 concept=1.1253 sparsity=0.2051 continuity=0.0157) train_acc=1.0000 val_loss=0.7283 (val_cls=0.5953 val_concept=1.0955 val_sparsity=0.2263 val_continuity=0.0157) val_acc=0.8776
[seed 3] epoch 44/100 loss=0.1956 (cls=0.0628 concept=1.1149 sparsity=0.2052 continuity=0.0157) train_acc=1.0000 val_loss=0.7390 (val_cls=0.6082 val_concept=1.0736 val_sparsity=0.2261 val_continuity=0.0157) val_acc=0.8754
[seed 3] epoch 45/100 loss=0.1934 (cls=0.0616 concept=1.1058 sparsity=0.2046 continuity=0.0157) train_acc=1.0000 val_loss=0.7256 (val_cls=0.5953 val_concept=1.0688 val_sparsity=0.2261 val_continuity=0.0157) val_acc=0.8699
[seed 3] epoch 46/100 loss=0.1901 (cls=0.0594 concept=1.0944 sparsity=0.2049 continuity=0.0157) train_acc=1.0000 val_loss=0.7322 (val_cls=0.6022 val_concept=1.0657 val_sparsity=0.2260 val_continuity=0.0157) val_acc=0.8687
[seed 3] epoch 47/100 loss=0.1887 (cls=0.0587 concept=1.0880 sparsity=0.2042 continuity=0.0157) train_acc=1.0000 val_loss=0.7251 (val_cls=0.5966 val_concept=1.0523 val_sparsity=0.2255 val_continuity=0.0157) val_acc=0.8810
[seed 3] epoch 48/100 loss=0.1863 (cls=0.0572 concept=1.0791 sparsity=0.2045 continuity=0.0157) train_acc=1.0000 val_loss=0.7327 (val_cls=0.6042 val_concept=1.0523 val_sparsity=0.2254 val_continuity=0.0157) val_acc=0.8743
[seed 3] epoch 49/100 loss=0.1843 (cls=0.0557 concept=1.0743 sparsity=0.2045 continuity=0.0157) train_acc=1.0000 val_loss=0.7516 (val_cls=0.6252 val_concept=1.0306 val_sparsity=0.2257 val_continuity=0.0157) val_acc=0.8665
[seed 3] epoch 50/100 loss=0.1831 (cls=0.0553 concept=1.0658 sparsity=0.2038 continuity=0.0157) train_acc=1.0000 val_loss=0.7247 (val_cls=0.5974 val_concept=1.0397 val_sparsity=0.2256 val_continuity=0.0157) val_acc=0.8765
[seed 3] epoch 51/100 loss=0.1812 (cls=0.0540 concept=1.0602 sparsity=0.2039 continuity=0.0157) train_acc=1.0000 val_loss=0.7279 (val_cls=0.6016 val_concept=1.0308 val_sparsity=0.2250 val_continuity=0.0157) val_acc=0.8765
[seed 3] epoch 52/100 loss=0.1795 (cls=0.0529 concept=1.0545 sparsity=0.2038 continuity=0.0157) train_acc=1.0000 val_loss=0.7281 (val_cls=0.6027 val_concept=1.0209 val_sparsity=0.2251 val_continuity=0.0157) val_acc=0.8754
[seed 3] epoch 53/100 loss=0.1777 (cls=0.0519 concept=1.0462 sparsity=0.2036 continuity=0.0157) train_acc=1.0000 val_loss=0.7268 (val_cls=0.6022 val_concept=1.0124 val_sparsity=0.2253 val_continuity=0.0157) val_acc=0.8832
[seed 3] epoch 54/100 loss=0.1762 (cls=0.0509 concept=1.0419 sparsity=0.2035 continuity=0.0157) train_acc=1.0000 val_loss=0.7352 (val_cls=0.6108 val_concept=1.0111 val_sparsity=0.2251 val_continuity=0.0157) val_acc=0.8721
[seed 3] epoch 55/100 loss=0.1748 (cls=0.0501 concept=1.0348 sparsity=0.2035 continuity=0.0157) train_acc=1.0000 val_loss=0.7240 (val_cls=0.6000 val_concept=1.0075 val_sparsity=0.2254 val_continuity=0.0157) val_acc=0.8776
[seed 3] epoch 56/100 loss=0.1737 (cls=0.0495 concept=1.0305 sparsity=0.2033 continuity=0.0157) train_acc=1.0000 val_loss=0.7313 (val_cls=0.6081 val_concept=0.9989 val_sparsity=0.2251 val_continuity=0.0157) val_acc=0.8765
[seed 3] epoch 57/100 loss=0.1722 (cls=0.0485 concept=1.0256 sparsity=0.2033 continuity=0.0157) train_acc=1.0000 val_loss=0.7366 (val_cls=0.6136 val_concept=0.9959 val_sparsity=0.2254 val_continuity=0.0157) val_acc=0.8732
[seed 3] epoch 58/100 loss=0.1714 (cls=0.0483 concept=1.0202 sparsity=0.2031 continuity=0.0157) train_acc=1.0000 val_loss=0.7189 (val_cls=0.5962 val_concept=0.9940 val_sparsity=0.2252 val_continuity=0.0157) val_acc=0.8799
[seed 3] epoch 59/100 loss=0.1700 (cls=0.0474 concept=1.0157 sparsity=0.2028 continuity=0.0157) train_acc=1.0000 val_loss=0.7293 (val_cls=0.6076 val_concept=0.9837 val_sparsity=0.2252 val_continuity=0.0157) val_acc=0.8732
[seed 3] epoch 60/100 loss=0.1687 (cls=0.0465 concept=1.0112 sparsity=0.2028 continuity=0.0157) train_acc=1.0000 val_loss=0.7285 (val_cls=0.6068 val_concept=0.9844 val_sparsity=0.2253 val_continuity=0.0157) val_acc=0.8699
[seed 3] epoch 61/100 loss=0.1680 (cls=0.0463 concept=1.0067 sparsity=0.2027 continuity=0.0157) train_acc=1.0000 val_loss=0.7329 (val_cls=0.6118 val_concept=0.9777 val_sparsity=0.2252 val_continuity=0.0157) val_acc=0.8788
[seed 3] epoch 62/100 loss=0.1670 (cls=0.0457 concept=1.0033 sparsity=0.2028 continuity=0.0157) train_acc=1.0000 val_loss=0.7406 (val_cls=0.6206 val_concept=0.9673 val_sparsity=0.2251 val_continuity=0.0157) val_acc=0.8754
[seed 3] epoch 63/100 loss=0.1663 (cls=0.0453 concept=0.9994 sparsity=0.2025 continuity=0.0157) train_acc=1.0000 val_loss=0.7233 (val_cls=0.6028 val_concept=0.9720 val_sparsity=0.2251 val_continuity=0.0157) val_acc=0.8810
[seed 3] epoch 64/100 loss=0.1646 (cls=0.0442 concept=0.9941 sparsity=0.2023 continuity=0.0157) train_acc=1.0000 val_loss=0.7275 (val_cls=0.6073 val_concept=0.9684 val_sparsity=0.2250 val_continuity=0.0157) val_acc=0.8754
[seed 3] epoch 65/100 loss=0.1640 (cls=0.0439 concept=0.9907 sparsity=0.2023 continuity=0.0157) train_acc=1.0000 val_loss=0.7286 (val_cls=0.6089 val_concept=0.9639 val_sparsity=0.2249 val_continuity=0.0157) val_acc=0.8799
[seed 3] epoch 66/100 loss=0.1632 (cls=0.0435 concept=0.9878 sparsity=0.2020 continuity=0.0157) train_acc=1.0000 val_loss=0.7212 (val_cls=0.6012 val_concept=0.9674 val_sparsity=0.2246 val_continuity=0.0157) val_acc=0.8765
[seed 3] epoch 67/100 loss=0.1625 (cls=0.0430 concept=0.9847 sparsity=0.2021 continuity=0.0157) train_acc=1.0000 val_loss=0.7296 (val_cls=0.6107 val_concept=0.9568 val_sparsity=0.2246 val_continuity=0.0157) val_acc=0.8743
[seed 3] epoch 68/100 loss=0.1616 (cls=0.0425 concept=0.9812 sparsity=0.2019 continuity=0.0157) train_acc=1.0000 val_loss=0.7378 (val_cls=0.6195 val_concept=0.9507 val_sparsity=0.2245 val_continuity=0.0157) val_acc=0.8743
[seed 3] epoch 69/100 loss=0.1611 (cls=0.0424 concept=0.9770 sparsity=0.2017 continuity=0.0157) train_acc=1.0000 val_loss=0.7303 (val_cls=0.6115 val_concept=0.9555 val_sparsity=0.2242 val_continuity=0.0157) val_acc=0.8810
[seed 3] epoch 70/100 loss=0.1604 (cls=0.0419 concept=0.9756 sparsity=0.2017 continuity=0.0157) train_acc=1.0000 val_loss=0.7374 (val_cls=0.6194 val_concept=0.9474 val_sparsity=0.2243 val_continuity=0.0157) val_acc=0.8754
[seed 3] epoch 71/100 loss=0.1596 (cls=0.0414 concept=0.9725 sparsity=0.2016 continuity=0.0157) train_acc=1.0000 val_loss=0.7275 (val_cls=0.6092 val_concept=0.9505 val_sparsity=0.2242 val_continuity=0.0157) val_acc=0.8743
[seed 3] epoch 72/100 loss=0.1589 (cls=0.0410 concept=0.9697 sparsity=0.2015 continuity=0.0157) train_acc=1.0000 val_loss=0.7354 (val_cls=0.6178 val_concept=0.9442 val_sparsity=0.2241 val_continuity=0.0157) val_acc=0.8743
[seed 3] epoch 73/100 loss=0.1585 (cls=0.0409 concept=0.9666 sparsity=0.2012 continuity=0.0157) train_acc=1.0000 val_loss=0.7309 (val_cls=0.6137 val_concept=0.9398 val_sparsity=0.2240 val_continuity=0.0157) val_acc=0.8743
[seed 3] epoch 74/100 loss=0.1579 (cls=0.0405 concept=0.9651 sparsity=0.2014 continuity=0.0157) train_acc=1.0000 val_loss=0.7308 (val_cls=0.6139 val_concept=0.9369 val_sparsity=0.2240 val_continuity=0.0157) val_acc=0.8743
[seed 3] epoch 75/100 loss=0.1575 (cls=0.0404 concept=0.9620 sparsity=0.2012 continuity=0.0157) train_acc=1.0000 val_loss=0.7316 (val_cls=0.6151 val_concept=0.9336 val_sparsity=0.2241 val_continuity=0.0157) val_acc=0.8810
[seed 3] epoch 76/100 loss=0.1569 (cls=0.0400 concept=0.9607 sparsity=0.2011 continuity=0.0157) train_acc=1.0000 val_loss=0.7314 (val_cls=0.6147 val_concept=0.9350 val_sparsity=0.2240 val_continuity=0.0157) val_acc=0.8743
[seed 3] epoch 77/100 loss=0.1564 (cls=0.0397 concept=0.9585 sparsity=0.2010 continuity=0.0157) train_acc=1.0000 val_loss=0.7368 (val_cls=0.6204 val_concept=0.9323 val_sparsity=0.2240 val_continuity=0.0157) val_acc=0.8799
[seed 3] epoch 78/100 loss=0.1560 (cls=0.0395 concept=0.9562 sparsity=0.2009 continuity=0.0157) train_acc=1.0000 val_loss=0.7318 (val_cls=0.6155 val_concept=0.9319 val_sparsity=0.2240 val_continuity=0.0157) val_acc=0.8821
[seed 3] epoch 79/100 loss=0.1557 (cls=0.0392 concept=0.9552 sparsity=0.2010 continuity=0.0157) train_acc=1.0000 val_loss=0.7362 (val_cls=0.6201 val_concept=0.9293 val_sparsity=0.2240 val_continuity=0.0157) val_acc=0.8832
[seed 3] epoch 80/100 loss=0.1552 (cls=0.0390 concept=0.9529 sparsity=0.2008 continuity=0.0157) train_acc=1.0000 val_loss=0.7369 (val_cls=0.6213 val_concept=0.9243 val_sparsity=0.2239 val_continuity=0.0157) val_acc=0.8754
[seed 3] epoch 81/100 loss=0.1550 (cls=0.0389 concept=0.9517 sparsity=0.2008 continuity=0.0157) train_acc=1.0000 val_loss=0.7326 (val_cls=0.6169 val_concept=0.9248 val_sparsity=0.2240 val_continuity=0.0157) val_acc=0.8821
[seed 3] epoch 82/100 loss=0.1546 (cls=0.0387 concept=0.9503 sparsity=0.2008 continuity=0.0157) train_acc=1.0000 val_loss=0.7349 (val_cls=0.6192 val_concept=0.9243 val_sparsity=0.2239 val_continuity=0.0157) val_acc=0.8732
[seed 3] epoch 83/100 loss=0.1544 (cls=0.0386 concept=0.9492 sparsity=0.2006 continuity=0.0157) train_acc=1.0000 val_loss=0.7338 (val_cls=0.6182 val_concept=0.9249 val_sparsity=0.2239 val_continuity=0.0157) val_acc=0.8799
[seed 3] epoch 84/100 loss=0.1540 (cls=0.0384 concept=0.9471 sparsity=0.2006 continuity=0.0157) train_acc=1.0000 val_loss=0.7305 (val_cls=0.6149 val_concept=0.9235 val_sparsity=0.2239 val_continuity=0.0157) val_acc=0.8799
[seed 3] epoch 85/100 loss=0.1537 (cls=0.0381 concept=0.9474 sparsity=0.2006 continuity=0.0157) train_acc=1.0000 val_loss=0.7313 (val_cls=0.6160 val_concept=0.9213 val_sparsity=0.2239 val_continuity=0.0157) val_acc=0.8799
[seed 3] epoch 86/100 loss=0.1533 (cls=0.0379 concept=0.9459 sparsity=0.2006 continuity=0.0157) train_acc=1.0000 val_loss=0.7341 (val_cls=0.6192 val_concept=0.9179 val_sparsity=0.2239 val_continuity=0.0157) val_acc=0.8810
[seed 3] epoch 87/100 loss=0.1530 (cls=0.0378 concept=0.9440 sparsity=0.2005 continuity=0.0157) train_acc=1.0000 val_loss=0.7372 (val_cls=0.6222 val_concept=0.9188 val_sparsity=0.2239 val_continuity=0.0157) val_acc=0.8788
[seed 3] epoch 88/100 loss=0.1528 (cls=0.0377 concept=0.9432 sparsity=0.2004 continuity=0.0157) train_acc=1.0000 val_loss=0.7379 (val_cls=0.6230 val_concept=0.9169 val_sparsity=0.2239 val_continuity=0.0157) val_acc=0.8810
[seed 3] epoch 89/100 loss=0.1528 (cls=0.0376 concept=0.9433 sparsity=0.2006 continuity=0.0157) train_acc=1.0000 val_loss=0.7367 (val_cls=0.6220 val_concept=0.9150 val_sparsity=0.2239 val_continuity=0.0157) val_acc=0.8776
[seed 3] epoch 90/100 loss=0.1525 (cls=0.0375 concept=0.9419 sparsity=0.2005 continuity=0.0157) train_acc=1.0000 val_loss=0.7353 (val_cls=0.6205 val_concept=0.9157 val_sparsity=0.2239 val_continuity=0.0157) val_acc=0.8788
[seed 3] epoch 91/100 loss=0.1526 (cls=0.0376 concept=0.9413 sparsity=0.2006 continuity=0.0157) train_acc=1.0000 val_loss=0.7367 (val_cls=0.6221 val_concept=0.9148 val_sparsity=0.2239 val_continuity=0.0157) val_acc=0.8776
[seed 3] epoch 92/100 loss=0.1523 (cls=0.0374 concept=0.9406 sparsity=0.2005 continuity=0.0157) train_acc=1.0000 val_loss=0.7364 (val_cls=0.6218 val_concept=0.9142 val_sparsity=0.2239 val_continuity=0.0157) val_acc=0.8799
[seed 3] epoch 93/100 loss=0.1520 (cls=0.0371 concept=0.9401 sparsity=0.2005 continuity=0.0157) train_acc=1.0000 val_loss=0.7360 (val_cls=0.6214 val_concept=0.9145 val_sparsity=0.2239 val_continuity=0.0157) val_acc=0.8765
[seed 3] epoch 94/100 loss=0.1521 (cls=0.0372 concept=0.9404 sparsity=0.2005 continuity=0.0157) train_acc=1.0000 val_loss=0.7357 (val_cls=0.6212 val_concept=0.9139 val_sparsity=0.2239 val_continuity=0.0157) val_acc=0.8765
[seed 3] epoch 95/100 loss=0.1519 (cls=0.0371 concept=0.9400 sparsity=0.2005 continuity=0.0157) train_acc=1.0000 val_loss=0.7353 (val_cls=0.6207 val_concept=0.9137 val_sparsity=0.2239 val_continuity=0.0157) val_acc=0.8765
[seed 3] epoch 96/100 loss=0.1519 (cls=0.0371 concept=0.9395 sparsity=0.2003 continuity=0.0157) train_acc=1.0000 val_loss=0.7362 (val_cls=0.6217 val_concept=0.9135 val_sparsity=0.2239 val_continuity=0.0157) val_acc=0.8799
[seed 3] epoch 97/100 loss=0.1517 (cls=0.0369 concept=0.9398 sparsity=0.2003 continuity=0.0157) train_acc=1.0000 val_loss=0.7362 (val_cls=0.6217 val_concept=0.9132 val_sparsity=0.2239 val_continuity=0.0157) val_acc=0.8788
[seed 3] epoch 98/100 loss=0.1518 (cls=0.0369 concept=0.9402 sparsity=0.2003 continuity=0.0157) train_acc=1.0000 val_loss=0.7360 (val_cls=0.6215 val_concept=0.9130 val_sparsity=0.2239 val_continuity=0.0157) val_acc=0.8788
[seed 3] epoch 99/100 loss=0.1518 (cls=0.0370 concept=0.9391 sparsity=0.2002 continuity=0.0157) train_acc=1.0000 val_loss=0.7358 (val_cls=0.6214 val_concept=0.9131 val_sparsity=0.2239 val_continuity=0.0157) val_acc=0.8788
[seed 3] epoch 100/100 loss=0.1518 (cls=0.0371 concept=0.9390 sparsity=0.2003 continuity=0.0157) train_acc=1.0000 val_loss=0.7358 (val_cls=0.6213 val_concept=0.9131 val_sparsity=0.2239 val_continuity=0.0157) val_acc=0.8788
[seed 3] test_acc=0.8592
[seed 3] saved -> outputs/checkpoints/visualclarity_seed3.pt

### checkpoints:
total 9512
drwxr-xr-x 2 boulaabi cril    4096 19 juin   2026 .
drwxr-xr-x 4 boulaabi cril    4096 19 juin   2026 ..
-rw-r--r-- 1 boulaabi cril 1451232 19 juin   2026 globalcbm_seed1.pt
-rw-r--r-- 1 boulaabi cril 1451232 19 juin   2026 globalcbm_seed2.pt
-rw-r--r-- 1 boulaabi cril 1451232 19 juin   2026 globalcbm_seed3.pt
-rw-r--r-- 1 boulaabi cril 1787928 19 juin   2026 visualclarity_seed1.pt
-rw-r--r-- 1 boulaabi cril 1787928 19 juin   2026 visualclarity_seed2.pt
-rw-r--r-- 1 boulaabi cril 1787928 19 juin   2026 visualclarity_seed3.pt

### EVALUATE per seed (step8)

----- seed 1 -----
============================================================
STEP 8 — GATE EVALUATION
============================================================
GlobalCBM      top-1 accuracy: 0.7209
VisualCLARITY  top-1 accuracy: 0.8605
------------------------------------------------------------
Pointing game (VisualCLARITY only — GlobalCBM has no spatial selection)
  VisualCLARITY pointing-game acc: 0.1169
  Random-selection baseline:       0.0161
  Lift over random:                +0.1008
  Best-localized concepts: [(3, 0.835), (54, 0.82), (38, 0.756), (97, 0.717), (101, 0.715)]
  Worst-localized concepts: [(83, 0.0), (87, 0.0), (94, 0.0), (106, 0.0), (107, 0.0)]
============================================================

----- seed 2 -----
============================================================
STEP 8 — GATE EVALUATION
============================================================
GlobalCBM      top-1 accuracy: 0.7240
VisualCLARITY  top-1 accuracy: 0.8624
------------------------------------------------------------
Pointing game (VisualCLARITY only — GlobalCBM has no spatial selection)
  VisualCLARITY pointing-game acc: 0.1543
  Random-selection baseline:       0.0161
  Lift over random:                +0.1382
  Best-localized concepts: [(102, 0.864), (100, 0.835), (12, 0.743), (55, 0.663), (25, 0.656)]
  Worst-localized concepts: [(30, 0.0), (35, 0.0), (46, 0.0), (65, 0.0), (96, 0.0)]
============================================================

----- seed 3 -----
============================================================
STEP 8 — GATE EVALUATION
============================================================
GlobalCBM      top-1 accuracy: 0.7213
VisualCLARITY  top-1 accuracy: 0.8592
------------------------------------------------------------
Pointing game (VisualCLARITY only — GlobalCBM has no spatial selection)
  VisualCLARITY pointing-game acc: 0.1120
  Random-selection baseline:       0.0161
  Lift over random:                +0.0959
  Best-localized concepts: [(56, 0.843), (104, 0.835), (50, 0.754), (98, 0.703), (82, 0.591)]
  Worst-localized concepts: [(45, 0.0), (64, 0.0), (69, 0.0), (94, 0.0), (96, 0.0)]
============================================================

### VISUALIZE (step7b)
saved outputs/viz/viz_img1.png
saved outputs/viz/viz_img3.png
saved outputs/viz/viz_img6.png
saved outputs/viz/viz_img10.png
saved outputs/viz/viz_img12.png
saved outputs/viz/viz_img13.png

Done. 6 images x 6 concepts -> outputs/viz

### METRICS (step9)
Re-evaluating checkpoints (accuracy + pointing game)...
  seed 1: GlobalCBM=0.7209  VisualCLARITY=0.8605  pointing=0.1169  random=0.0161
  seed 2: GlobalCBM=0.7240  VisualCLARITY=0.8624  pointing=0.1543  random=0.0161
  seed 3: GlobalCBM=0.7213  VisualCLARITY=0.8592  pointing=0.1120  random=0.0161
Parsing training logs for loss trajectories...
Rendering figures...
  wrote fig_trainval_loss.png and fig_trainval_accuracy.png

Done. Wrote metrics.json, figures, and REPORT.md to /home/cril/boulaabi/CLARITY/VisualCLARITY/outputs/metrics

### metrics outputs:
total 288
drwxr-xr-x 2 boulaabi cril  4096 19 juin   2026 .
drwxr-xr-x 6 boulaabi cril  4096 19 juin   2026 ..
-rw-r--r-- 1 boulaabi cril 29840 19 juin   2026 fig_accuracy.png
-rw-r--r-- 1 boulaabi cril 54689 19 juin   2026 fig_concept_trajectory.png
-rw-r--r-- 1 boulaabi cril 34758 19 juin   2026 fig_pointing_game.png
-rw-r--r-- 1 boulaabi cril 32773 19 juin   2026 fig_sparsity_trajectory.png
-rw-r--r-- 1 boulaabi cril 58982 19 juin   2026 fig_trainval_accuracy.png
-rw-r--r-- 1 boulaabi cril 53142 19 juin   2026 fig_trainval_loss.png
-rw-r--r-- 1 boulaabi cril  1052 19 juin   2026 metrics.json
-rw-r--r-- 1 boulaabi cril  3147 19 juin   2026 REPORT.md

### final guard re-check
[guard] Checking training files for forbidden part-annotation references...
[guard] PASS — no part-annotation references found in training code.

==============================================================
COMPLETE  |  ven. 19 juin 2026 16:51:44 CEST
Report:  outputs/metrics/REPORT.md
Figures: outputs/metrics/*.png
Per-seed eval: logs/eval_seed{1,2,3}_12471417.log
==============================================================
